No,Jenis OPTK,Kategori,NAMA OPTK,INANG/HOST,MP,DAERAH SEBAR
1,SERANGGA,A1,"Delia antiqua Meigen; (Syn. Anthomyia antiqua, Anthomyia ceparum, Chortophila antiqua, Delia cepetorum, Hylemya antiqua, H. ceparum, Leptohylemyia antique, Pegomyia ceparum, Pegomyia cepetorum, ""Phorbia ceparum, Phorbia cepetorum, Phorbia antiqua); (Diptera: Anthomyiidae); onion maggot, onion fly""","Allium cepa (bawang bombay, onion), Allium ascalonicum (bawang merah, shallot), Allium cepa var. Aggregatum (bawang merah, shallot), Allium porrum (bawang prei, leek), Allium fistulosum, Allium sativum (bawang putih, garlic), Allium schoenoprasum, Allium spp.","batang (stems), daun (leaves), umbi (bulbs, tubers, corms, rhizomes), media tanam (growing media associated with plants), tanah (soil), akar (roots)","""Africa: Egypt America: Antigua and Barbuda, Brazil, Canada, Colombia, Costa Rica, Mexico, USA Asia: Armenia, China, DPR Korea (North Korea), Georgia,"" ""India, Iran, Iraq, Israel, Japan, Kazakhstan, Mongolia, Philippines, Republic of Korea (South Korea), Turkey Europe:  Austria, Belarus, Belgium, Bulgaria, Croatia, Cyprus, Czechia, Denmark, Finland, France, Germany, Greece, Hungary, Italy, Lithuania, Malta, Moldova, Montenegro, Netherlands, Norway, Poland, Portugal, Romania, Russia, Serbia, Slovakia, Spain, Sweden, Switzerland, United Kingdom"""
2,SERANGGA,A1,"Delia platura (Meigen); (Syn. Anthomyia cana, Anthomyia Corelia, Anthomyia deceptiva, Anthomyia diversa, Anthomyia funesta, Anthomyia lanicrus, Anthomyia perrima, Anthomyia platura, Anthomyia platygaster, ""Anthomyia radicum var. Calopteni, Anthomyia raphani, Anthomyia rubifrons, Anthomyia sergia, Anthomyia tinia, Anthomyia trifilis, Anthomyia tyana, Anthomyia viana, Anthomyia zeas, Aricia fusciceps, Chortophila cana, Chortophila deceptiva, Chortophila prisca, Chortophila rubifrons, Chortophila spinipes, Chortophila trifilis, Delia cilicrura, Delia prisca, Dialyta cupreifrons, Eriphia marginata, Homalomyia"" ""rava, Hylemya cana, Hylemya deceptiva, Hylemya fusciceps, Hylemya platura, Hylemya prisca, Hylemya spinipes, Hylemya trifilis, Pegomyia fusciceps, Phorbia cilicrura, Phorbia Fusciceps, Phorbia novazealandica, Phorbia prisca, Phorbia spinipes, Hylemya Cilicrura, Chortophila cilicrura, Phorbia platura); (Diptera: Anthomyiidae); corn seed maggot, bean seed fly, seed potato maggot""","Allium cepa (bawang bombay, onion), Allium sativum (garlic), Allium ascalonicum (bawang ""merah, shallot), Asparagus officinalis (asparagus, asparagus), Beta vulgaris (bit, beetroot), Brassica oleracea var. botrytis (bunga kol, cauliflower), Brassica oleracea capitata (kubis, cabbage), Citrullus lanatus, Citrullus vulgaris (semangka, watermelon), Cucumis sativus (mentimun, cucumber), Glycine max (kedelai, soyabean), Gossypium hirsutum, Hordeum vulgare (barli, barley), Juniperus na, Larix laricina, Nicotiana tabacum (tembakau, tobacco), Phaseolus lunatus, Phaseolus coccineus, Pinus merkusii (tusam, pinetree) albus, Pisum sativum (kapri, sweet pea), Raphanus sativus (lobak, radish), Solanum tuberosum (kentang, potato),"" Spinacia oleracea (bayam, spinach), Triticum aestivum (gandum, wheat), Trifolium repens (semanggi putih, white clover), Vicia faba, Vigna spp. (buncis, cowpea), Zea mays (jagung, corn, maize)","biji (true seeds (inc. grain)), akar (roots), media tanam (growing media associated with plants), tanah (soil)","""Africa:  Algeria, Egypt, Ethiopia, Kenya, Libya, Madagascar, Morocco, Rwanda, Saint Helena, """"South Africa, Sudan, Tanzania, Tunisia, Uganda, Zimbabwe America: Argentina, Bermuda, Bolivia, Brazil, Canada, Chile, Colombia, Costa Rica, Ecuador, Greenland, Mexico, Peru, Uruguay, USA, Uruguay, Venezuela Asia: Armenia, Azerbaijan, China, DPR Korea (North Korea), Georgia, Hong Kong, India, Iran, Iraq, Israel, Japan, Kazakhstan, Lebanon, Nepal, Pakistan, Republic of Korea (South Korea), Saudi Arabia, Sri Lanka, Syria, Taiwan, Turkey, Uzbekistan, Yemen Europe: Albania, Austria, Belarus, Belgium, Bulgaria, Croatia, Cyprus, Czechia, Denmark, Faroe Islands, Finland, France, Germany, Greece, Hungary, Iceland, Italy, Montenegro, Netherlands,"""""" Norway, Poland, Portugal, Romania, Russia, Serbia, Slovenia, Slovakia, Slovenia, Spain, Sweden, Switzerland, Ukraine, United Kingdom Oceania: Australia, New Zealand"
3,SERANGGA,A1,Eumerus tuberculatus Rondani; (Diptera: Syrphidae); lesser bulb fly,"Allium cepa (bawang bombay, onion), Allium ascalonicum (bawang merah, shallot), Allium sativum (bawang putih, garlic), Brassica oleracea capitata (kubis, cabbage), Calla elliottiana, Crinum asiaticum (bakung, lily), Eurycies spp., Galtonia spp., Gladiolus spp., Hippeastrum spp. (amarilis, amaryllis), Irish spp., Lilia spp., Narcissus spp. (narsisus, narcissus), Pastinaca sativa (parsnip, parsnip), Solanum tuberosum (kentang, potato), Scilla spp., Sprekelia","akar (roots), batang (stems), daun (leaves), umbi (tubers, bulbs), tanah (soil)","Asia: Japan, Taiwan Europe: Spain, United Kingdom Oceania: New Zealand"
4,SERANGGA,A1,"Naupactus leucoloma Boheman; (Syn. Graphognathus leucoloma Buchanan, Pantomorus leucoloma); (Coleoptera: Curculionidae); whitefringed weevil, whitefringed beetle","Allium cepa (bawang bombay, onion),  Arachys hypogaea (kacang tanah, groundnut), Glycine max (kedelai, soyabean), Ipomoea batatas (ubi jalar, sweet potato), Medicago sativa (alfalfa, lucerne), Solanum tuberosum (kentang, potato), Trifolium repens (semanggi putih, white clover), Zea","batang (stems (above ground), trunks, shoots, branches), daun (leaves), umbi (tubers, bulbs), tanah (soil), akar (roots)","Africa: South Africa America: Argentina, Brazil, Chile, Peru, USA, Uruguay Europe: Portugal Oceania: Australia, New Zealand, Norfolk Island"
5,SERANGGA,A1,"""Peridroma saucia (Hubner [1808]); (Syn. Agrotis angulifera Wallengren, 1860, Agrotis impacta Walker, [1857], Agrotis inermis Harris, 1841, Agrotis intecta Walker, [1857], Agrotis ortonii Packard, 1869, Agrotis saucia (Hübner), Lycophotia margaritosa (Haworth), Lycophotia ochronota Hampson, 1903, Lycophotia saucia (Hübner), Noctua aequa Hübner, [1813],"" ""Noctua majuscula Haworth, 1809, Noctua margaritosa Haworth, 1809, Noctua saucia Hübner, [1808], Peridroma margaritosa (Haworth), Rhyacia margaritosa (Haworth), Rhyacia saucia (Hübner)); (Lepidoptera: Noctuidae); variegated cutworm, pearly underwing moth""","""Abies balsamea (balsam fir), Abies grandis (grand fir), Acer (maples), Acer negundo (box elder), Acer saccharum (sugar maple), Alcea rosea (Hollyhock), Allium cepa (bawang bombay, onion), Alnus rubra (red alder), Allium ascalonicum (bawang merah, shallot), Apium graveolens (seledri, celery), Arachys hypogaea (kacang tanah, peanut), Asparagus officinalis (asparagus, asparagus), Asparagus"" ""setaceus (asparagus fern), Aster, Ambrosia artemisiifolia (common ragweed), Amelanchier canadensis (thicket serviceberry), Anthemis cotula (dog fennel), Avena sativa (oat, oats), Brassica spp, Beta vulgaris (beetroot), Beta vulgaris var. saccharifera (sugar beet), Brassica napus var. napus (rape), Brassica nigra (black mustard), Brassica rapa subsp. oleifera (turnip rape), Beta vulgaris (bit, beetroot), Brassica oleracea (cabbages, cauliflowers), Brassica oleracea var. capitata (kubis, cabbage), Brassica oleracea var. botrytis (bunga kol, cauliflower), Capsicum annuum (cabai besar, paprika, bell-pepper), Cynara scolymus (artisyok, artichoke),"" Capsella bursa-pastoris (shepherd's purse), ""Chrysanthemum (daisy), Cicer arietinum (kacang arab, chickpea), Cichorium (chicory), Cirsium (thistle), Citrus lemon (lemon), Chamaecyparis thyoides (atlantic whitecedar), Chenopodium quinoa (quinoa), Citrullus lanatus (semangka, watermelon), Cicer arietinum (kacang arab, chickpea), Citrus spp. (jeruk, orange), Conyza canadensis, Cucumis melo (melon, melon), Cucumis sativus (mentimun, cucumber), Cucurbita maxima (waluh, labu parang, pumpkin), Daucus carota (wortel, carrot), Dahlia, Datura stramonium (jimsonweed), Dianthus (carnation), Epilobium"" angustifolium (rosebay willowherb), Erigeron ""(Fleabane), Fragaria vesca (wild strawberry), Fragaria ananassa(stroberi, strawberry), Geranium (cranesbill), Gladiolus hybrids (sword lily), Gleditsia triacanthos (honey locust), Gossypium (cotton), Gossypium barbadens (kapas, cotton), Gleditsia triacanthos, Helianthus annuus (bunga matahari, sunflower), Hordeum vulgare (barli, barley), Humulus lupulus (hop), Inula helenium(Elecampane), Ipomoea batatas (ubi jalar, sweet potato), Lathyrus odoratus (sweet pea), Linum usitatissimum (flax), Lolium spp. (ryegrasses), Lactuca sativa (selada, lettuce),"" ""Maclura pomifera (osage orange), Malus domestica (apel, apple), Mentha piperita, Melia azedarach (Chinaberry), Melilotus albus (honey clover), Mentha piperita (Peppermint), Mentha spicata (Spear mint), Morus alba (mora), Medicago sativa (alfalfa, lucerne), Nicotiana tabacum (tembakau, tobacco), Parthenium argentatum (Guayule), Petunia, Phaseolus lunatus (lima bean), Phaseolus vulgaris (buncis, common bean), Phleum pratense (timothy), Persea americana (alpukat, avocado), Pimenta dioica (allspice), Pisum sativum (kapri, sweet pea), Pimenta dioica, Prunus americana (aprikot, apricot), Prunus domestica (prem, plum), Pyrus communis"" (pir,pear), Portulaca oleracea, Prunus cerasus, Prunus persica (persik, peach), Pteridium aquilinum, Picea glauca (white spruce), Pisum sativum (pea), Plantago (Plantain), Polygonum (knotweed), Populus (poplars), Portulaca oleracea (purslane), Prunus (stone fruit), Prunus salicina (Japanese plum), Pseudotsuga menziesii (Douglas-fir), Pteridium aquilinum (bracken), Pyrus communis (European pear), Raphanus sativus (lobak, radish), Rheum hybridum (rhubarb), Rhus (Sumach), Ribes uva-crispa (gooseberry), Rosa (roses), Rubus idaeus (raspberry), Rubus fruticosus (blackberry), Rubus idaeus (raspberry), Rubus occidentalis (black raspberry), ""Raphanus sativus (lobak, radish), Rumex (Dock), Salix (willows), Salvia officinalis (common sage), Secale cereale (rye), Sinapis alba (white mustard), Spinacia oleracea, Stellaria media,Solidago (Goldenrod), Sonchus (Sowthistle), Spinacia oleracea (spinach), Stellaria media (common chickweed), Solanum lycopersicum (tomat, tomato), Solanum tuberosum (kentang, potato), Trifolium (clovers), Triticum aestivum (gandum, wheat), turfgrasses, Tropaeolum majus (common nasturtium), Tsuga canadensis (eastern hemlock), Vaccinium (blueberries), Vicia (vetch), Vicia faba (faba bean), Vitis vinifera (anggur, grapevine), Viola (violet), Vigna spp. (buncis, cowpea),"" Xanthium strumarium ""(common cocklebur), Zea mays (jagung, corn, maize), Zea mays subsp. mays (sweetcorn), Zea mays subsp. mexicana (teosinte), Zinnia""","batang (stems, trunks, shoots, branches), daun (leaves), bunga (flowers, inflorescences, cones, ""calyx), media tanam (growing media associated with plants), tanah (soil)""","""Africa:  Morocco, Tunisia America: Argentina, Bermuda, Brazil, Canada, Chile, Colombia, Costa Rica, Ecuador, Guatemala, Jamaica, Mexico, Peru, Puerto Rico, USA, Uruguay, Venezuela Asia: China, Israel, Japan, Republic of Korea (South Korea), Sri Lanka, Syria, Taiwan, Turkey Europe: Albania, Armenia, Austria, Belgium, Bulgaria, Bosnia and Herzegovina, Canary Island, Croatia, Czech Republic,"" Denmark, Faroes Island, Finland, France, Germany, Greece, Hungary, Iceland, Ireland, Italy, Kosovo, Lithuania, Luxembourg, Macedonia, Malta, Montenegro, Netherlands, Norway, Poland, Portugal, Romania, Russia, Serbia, Slovakia, Slovenia, Spain, Sweden, Switzerland, United Kingdom"
6,SERANGGA,A1,"Spodoptera littoralis (Boisduval); (Syn. Hadena littoralis ""Boisduval, Noctua gossypii, Prodenia littoralis (Boisduval), Prodenia retina (Freyer), Prodenia testaceoides Guenee); (Lepidoptera: Noctuidae); cotton leafworm, Egyptian cottonworm""","Abelmoschus esculentus (okra), Acacia nilotica (gum arabic tree), Actinidia arguta ""(tara vine), Alcea rosea (hollyhock), Allium cepa (bawang bombay, onion), Allium fistulosum (bawang daun, Welsh onion), Amaranthus (amaranth), Anemone (windflower), Antirrhinum majus (snapdragon), Apium graveolens (seledri, celery), Arachis hypogaea (kacang tanah, groundnut), Asparagus officinalis (asparagus, asparagus), Beta vulgaris (bit, beetroot), Beta vulgaris var. saccharifera (bit gula, sugarbeet), Brassica oleracea (kol, cabbages), Brassica"" oleracea var. capitata, Brassica rapa subsp. chinensis (pak-choy, Chinese cabbage), Brassica rapa subsp. pekinensis, Brassicaceae, Caladium, Callistephus chinensis (China aster), Camellia sinensis (teh, tea), Canna, Capsicum (peppers), Capsicum annuum (cabai besar, paprika, bell- pepper, hot pepper, chilies), Casuarina equisetifolia (casuarina), Chloris gayana (Rhodes grass), Chrysanthemum indicum (krisan, chrysanthemum), Citrullus lanatus (semangka, watermelon), Citrus, Citrus aurantium (sour orange), Coffea arabica, Convolvulus (morning glory), Corchorus capsularis (white jute), Corchorus olitorius (yute, ""jute), Cryptomeria, Cucurbita, Cucurbita pepo (labu kuning, zukini, zucchini), Cynara cardunculus var. scolymus (globe artichoke), Dalbergia sissoo, Datura (thorn-apple), Daucus carota (wortel, carrot), Dianthus barbatus (sweet william), Dianthus caryophyllus (anyelir, carnation), Eucalyptus globulus (Tasmanian blue gum), Euphorbiaceae, Fabaceae, Ficus carica (ara, fig), Fragaria vesca (wild strawberry), Gerbera (Barbeton daisy), Gladiolus hybrids (sword lily), Glycine max (kedelai, soyabean), Gossypium (kapas, cotton), Gossypium barbadense (Gallini cotton), Guizotia abyssinica, Helianthus annuus (bunga matahari,"" sunflower), Helianthus tuberosus (Jerusalem artichoke), Hibiscus ""cannabinus (kenaf), Hibiscus mutabilis (cottonrose), Indigofera tinctoria (true indigo), Ipomoea batatas (ubi jalar, sweet potato), Jatropha curcas (jarak, jatropha), Lactuca sativa (selada, lettuce), Lantana, Luffa aegyptiaca (loofah), Lycopersicon, Malus sylvestris (crab-apple tree), Medicago sativa (alfalfa, lucerne), Melilotus spp., Mentha spicata (spear mint), Monstera deliciosa, Morus, Musa (banana), Musa x paradisiaca (pisang kepok, plantain), Nicandra physalodes (apple of Peru), Nicotiana tabacum (tembakau, tobacco), Opuntia (Pricklypear), Oryza sativa"" ""(padi, paddy, rice), Persea americana (alpukat, avocado), Phaseolus (beans), Phaseolus vulgaris (buncis, common bean), Phoenix dactylifera (kurma, date-palm), Piper (pepper), Pistia stratiotes (water lettuce), Pisum sativum (kapri, pea), Poaceae (grasses), Populus alba (silver-leaf poplar), Portulaca oleracea (krokot, purslane), Prunus domestica (prem, plum), Prunus salicina (Japanese plum), Psidium guajava (jambu biji, guava), Punica granatum (delima, pomegranate), Quercus petraea (durmast oak), Raphanus sativus (lobak, radish), Ricinus communis (jarak kepyar, castor bean), Rosa (roses), Saccharum officinarum (tebu, sugarcane),"" ""Salvia officinalis (common sage), Senecio (Groundsel), Sesamum indicum (wijen, sesame), Sesbania sesban (sesban), Solanum lycopersicum (tomat, tomato), Solanum melongena (terung, aubergine, eggplant), Solanum tuberosum (kentang, potato), Sorghum bicolor (sorgum, sorghum), Spinacia oleracea (bayam, spinach), Tectona grandis (jati, teakwood), Theobroma cacao (kakao, cocoa), Trifolium (clovers), Trifolium alexandrinum (Berseem clover), Trifolium repens (white clover), Trifolium spp., Trigonella foenum-graecum (fenugreek), Triticum aestivum (gandum, wheat), Verbena, Vicia faba (kacang babi, faba bean), Vigna"" ""angularis (adzuki bean), Vigna mungo (black gram), Vigna radiata (mung bean), Vigna unguiculata (kacang tunggak, cowpea), Viola odorata (English violet), Vitis vinifera (anggur, grapevine), Zea mays (jagung, maize, corn), Zinnia elegans""","bahan perbanyakan (propagation material), batang ""(stems), daun (leaves), titik tumbuh (growing points), tangkai (stalks), tunas bunga (flower buds)""","""Africa: Algeria, Angola, Benin, Botswana, Burkina Faso, Burundi, Cape Verde, Cameroon, Central African Republic, Chad, Comoros, Congo, DR Congo, Egypt, Equatorial Guinea, Eritrea, Ethiopia, Gambia, Ghana, Guinea, Ivory Coast, Kenya, Libya, Madagascar, Malawi, Mali, Mauritania, Mauritius, Morocco, Mozambique, Namibia, Niger, Nigeria, Reunion, Rwanda, Saint Helena, São Tomé and Príncipe, Senegal, Seychelles, Sierra Leone, Somalia, South Africa, Sudan, Tanzania, Togo, Tunisia, Uganda, Zambia, Zimbabwe Asia: Bahrain, China, India, Iran, Iraq, Israel, Jordan,"" Lebanon, Oman, Pakistan, Saudi Arabia, Syria, Turkey, United Arab Emirates, Yemen Europe: Cyprus, France, Greece, Italy, Malta, Portugal, Spain"
7,SERANGGA,A1,"Zonocerus elegans (Thunberg); (Syn. Acrydium ""sanguinolentum De Geer, 1773, Gryllus elegans Thunberg, 1815, Poekilocerus roseipennis Serville, 1831 (Orthoptera: Pyrgomorphidae) elegant grasshopper""","Allium ascalonicum (bawang merah, shallot), Allium cepa (bawang bombay, onion), Amaranthus hybridus (bayam, spinach), Amaranthus (grain amaranth), Ananas comosus (nanas, pineapple), Anacardium occidentale (jambu mete, cashew-nut), Brassicaceae (cruciferous crops), Citrus spp. (jeruk, ""orange), Citrus aurantiifolia (jeruk nipis, lime), Citrus limon (lemon, lemon), Citrus reticulata (mandarin, mandarin), Citrus sinensis (navel orange), Coffea spp. (kopi, coffee), Colocasia esculenta (talas, taro), Cucurbitaceae (cucurbits), Chromolaena odorata (siam weed), Daucus carota (wortel, carrot), Dioscorea sp. (gembili, yam), Ipomoea batatas (ubi jalar, sweet potato), Musa spp. (pisang, banana), Plumeria spp.  (frangipani), Manihot esculenta (ubi kayu, cassava), Nicotiana tabacum (tembakau, tobacco), Solanaceae, Persea americana (alpukat, avocado)""","seluruh bagian tanaman (whole plant), tanah (soil)","Africa: Angola, Botswana, Congo, DR Congo, Eswatini, Lesotho, Madagascar, Malawi, Mozambique, Namibia, Rwanda, South Africa, Tanzania, Uganda, Zambia, Zimbabwe"
8,SERANGGA,A1,"Zonocerus variegatus (Linnaeus, 1758); (Syn. Acrydium sanguinolentum, Gryllus ""(Locusta) variegatus, Gryllus laevis, Gryllus opacus); (Orthoptera: Pyrgomorphidae); variegated grasshopper""","Allium cepa (bawang bombay, onion), Allium ascalonicum (bawang merah, shallot), ""Amaranthus (grain amaranth), Amaranthus hybridus (bayam, spinach), Anacardium occidentale (jambu mete, cashewnut), Ananas comosus (nanas, pineapple), Brassicaceae (cruciferous crops), Cannabis sativa (hemp), Capsicum annuum (cabai, paprika, hot pepper, chilies, red pepper), Citrus spp. (jeruk, orange), Citrus aurantiifolia (jeruk nipis, lime), Citrus limon (lemon, lemon), Citrus reticulata (mandarin, mandarin), Citrus sinensis (navel orange), Coffea spp. (kopi, coffee), Colocasia esculenta (talas, taro), Cucurbitaceae (cucurbits), Chromolaena odorata(siam weed), Daucus carota (wortel, carrot), Dioscorea sp. (gembili, yam), Elaeis guineensis"" ""(kelapa sawit, oil palm), Gossypium barbadens (kapas, cotton), Helianthus annuus (bunga matahari, sunflower), Ipomoea batatas (ubi jalar, sweet potato), Mangifera indica (mangga, mango), Musa spp. (pisang, banana), Manihot esculenta (ubi kayu, cassava), Nicotiana tabacum (tembakau, tobacco), Persea americana (alpukat, avocado), Poaceae, Piper, Plumeria (frangipani) Solanaceae, Tectona grandis (jati, teakwood)""","seluruh bagian tanaman (whole plant), tanah (soil)","Africa: Angola, Benin, Burkina Faso, Cameroon, Central African Republic, Chad, Congo, DR ""Congo, Gabon, Gambia, Ghana, Guinea-Bissau, Guinea, Ivory Coast, Kenya, Liberia, Malawi, Mali, Niger, Nigeria, Rwanda, Senegal, Sierra Leone, Togo"""
9,TUNGAU,A1,"Petrobia latens (O.F. Müller 1776); ""(Syn. Acarus latens Müller, 1776, Acarus petarum Fourcroy, 1785, Acarus praegnans Schrank, 178, Paratetranychus longipes Banks, 1912, Petrobia cepae Sayed, 1946, Petrobia lapidum Oudemans, 1915, Petrobia tritici Ewing, 1921, Tetranobia decepta Banks, 1917, Tetranychia tritici Ewing, 1921, Tetranychopsis paupera Berlese, 1910, Tetranychopsis simplex Tragardh, 1904, Tetranychus anauniensis Canistrini, 1889, Tetranychus longipes Banks, 1912, Trombidium lapidum Hammer, 1804); (Acari: Tetranychidae); brown wheat mite"" ","Allium cepa (bawang bombay, ""onion), Allium sativum (bawang putih, garlic), Avena sterilis (winter wild coat), Clover, Coriandrum sativum (ketumbar, corriander), Cucumis melo (melon, melon), Cucumis sativus (mentimun, cucumber), Cuminum cyminum (jintan, cumin), Daucus carota (wortel, carrot), Echinochloa crus-galli (barnyard grass), Fragaria ananassa (stroberi, strawberry), Gladiolus hybrids (gladiol, sword lily), Gossypium barbadens (kapas, cotton), Iris, Lactuca satuva (selada, lettuce), Hordeum vulgare (barli, barley), Malus domestica (apel, apple), Medicago sativa (alfalfa, lucerne), Oryza sativa (padi, paddy, rice), Setaria viridis (green foxtail), Sorghum"" bicolor (sorgum, sorghum), Triticum aestivum (gandum, wheat) ","daun (leaves), bunga (inflorescences), ""bagian tanaman di atas tanah"" ","Africa: Egypt, South Africa ""America: Canada, USA Asia: China, India, Iran, Republic of Korea (South Korea), Syria Europe: Austria, Denmark, France, Germany, Italy, Netherlands, Poland, Spain, United Kingdom Oceania: Australia"" "
10,TUNGAU,A1,"Rhizoglyphus echinopus ""(Fumouze & Robin, 1868); (Syn. Coepophagus echinopus, Rhizoglyphus hyacinthi, Rhizoglyphus spinitarsus, Tyroglyphus echinopus); (Acari: Acaridae); bulb mite"" ","Allium cepa (bawang bombay, onion), Allium sativum (bawang putih, garlic), Allium bakeri, Allium cepa var. bulbiferum, Amaryllis sp., Capsicum sp., Curcuma domestica, Freesia sp., Gladiolus sp., Hyacinthus sp., Ipomoea batatas (ubi jalar, sweet potato), Iris, Lachenalia pendula (on roots), Lilum sp., Lolium longiflorum, Narcissus sp., Oryza sativa (padi, paddy, rice), Palaeopsylla minor ex Talpa, Palaeopsylla minor, Paeonia sp., Panax ginseng (asiatic ginseng), Pinellia ternata, Sandersonia aurantica, Sinningia (gloxinia), stored wheat, Solanum sp., Tulipa, Verbena, Zea mays (jagung, maize, corn)",seluruh bagian tanaman (whole plant),"Africa: Algeria, Egypt America: Argentina, Canada, USA Asia: Armenia, Azerbaijan, China, Georgia, India, Iraq, Japan, Korea, Kazakhstan, Kyrgyzstan, Taiwan, Tajikistan, Thailand, Turkmenistan, Uzbekistan Europe:  Belarus, France, Latvia, Lithuania, Estonia, Hungary, Moldova, Netherlands, Romania, Russia, Spain, Ukraine, United Kingdom Oceania:  Australia, Fiji, New Zealand"
11,NEMATODA,A1,"Belonolaimus longicaudatus Rau, 1958; Belonolaimidae; sting nematode ","Abelmoschus esculentus (okra, lady’s finger), Acer spp. (maples), Acer pseudoplatanus (sycamore), Agrostis stolonifera var. palustris (bent grass), Allium cepa (bawang bombay, onion), Apium graveolens (seledri, celery), Arachys hypogaea (kacang tanah, peanut), Baccharis halimifolia (groundsel-bush), Beta vulgaris ""(bit, beetroot), Brassica, Brassica oleracea (cabbages, cauliflowers), Brassica oleracea var. botrytis (bunga kol, cauliflower), Brassica oleracea var. capitata (kubis, cabbage), Brassica rapa subsp. oleifera (turnip rape), Capsicum annuum (cabai, paprika, bell pepper, hot pepper, red pepper, chili), Casuarina equisetifolia (casuarina), Chrysanthemum spp. (daisy), Citrullus lanatus (semangka, watermelon), Citrus sinensis (jeruk manis, navel orange), Cucumis melo (melon, melon), Cucumis sativus (mentimun, cucumber), Cynodon dactylon (rumput bermuda, bermuda grass), Daucus carota (wortel, carrot), Desmodium tortuosum (Florida beggarweed), Digitaria decumbens (pangolagrass),"" ""Digitaria sanguinalis (large crabgrass), Diospyros kaki (kesemek, persimmon), Eremochloa ophiuroides (centipedegrass), Festuca arundinacea (tall fescue), Fragaria spp. (stroberi, strawberry), Glycine max (kedelai, soyabean), Gossypium hirsutum (Bourbon cotton), Helianthus annuus (bunga matahari, sunflower), Hemarthria altissima, Hordeum vulgare (barli, barley), Ilex (holly), Ipomoea batatas (ubi jalar, sweet potato), Ipomoea purpurea (tall morning glory), Lactuca sativa (selada, lettuce), Liquidambar styraciflua (sweet gum), Lolium multiflorum (Italian ryegrass), Mentha spicata (spear mint), Ocimum basilicum (kemangi, basil), Oxalis (wood sorrels),"" ""Paspalum notatum (bahia grass), Pennisetum glaucum (pearl millet), Pennisetum purpureum (elephant grass), Pharbitis purpurea (common morning glory), Phaseolus vulgaris (buncis, common bean), Pinus palustris (longleaf pine), Pinus taeda (loblolly pine), Pisum sativum (kapri, sweet pea), Pittosporum tobira (japanese pittosporum), Poaceae (grasses), Rumex crispus (curled dock), Saccharum officinarum (tebu, sugarcane), Schinus terebinthifolius (Brazilian pepper tree), Secale cereale (rye), Sesbania exaltata (coffeebean (USA)), Solanum lycopersicum (tomat, tomato), Solanum melongena (terung, aubergine, eggplant), Solanum tuberosum (kentang, potato),"" Sorghum sudanense (Sudan grass), Stenotaphrum secundatum (buffalo grass), Trifolium spp. (clovers), Triticum aestivum (gandum, wheat), Turfgrasses, Ulmus parvifolia (lacebark elm), Vaccinium corymbosum (blueberry), Vigna unguiculata (cowpea), Vitis rotundifolia (muscadine grape), Zea mays (jagung, corn, maize) ","akar (roots), bibit (seedlings), media tanam yang melekat pada tanaman (growing media associated with plants)","America: Bahamas, Bermuda, Costa Rica, Mexico, Puerto Rico, USA Asia: India, Pakistan, Saudi Arabia, Turkey"
12,NEMATODA,A1,"Meloidogyne exigua Goeldi, 1892; (Syn. Heterodera exigua (Goeldi, 1892) Marcinowski, 1909); Meloidogynidae; coffee root-knot nematode, Brazilian pyroid coffee nematode, root-knot nematode","""Allium ascalonicum (bawang merah, shallot), Allium cepa (bawang bombay, onion), Bidens pilosa (blackjack), Capsicum annuum (cabai besar, paprika, bell pepper, hot pepper, red pepper, chili), Citrullus vulgaris (semangka, watermelon), Citrus, Citrus aurantium (jeruk nipis, lime), Coffea spp. (kopi, coffee), Coffea arabica (arabica coffee), Coffea eugenioides, Cucumis sativus (mentimun, cucumber),"" ""Cyphomandra betacea (tree tomato), Ipomoea acuminata, Miconia, Musa (banana), Oryza sativa (padi, paddy, rice), Pilea, Poncirus trifoliata (Trifoliate orange), Saccharum officinarum (tebu, sugarcane), Solanum lycopersicum (tomat, tomato), Solanum nigrum (leunca, black nightshade), Stachys arvensis (staggerweed)"" ","akar (roots), bibit (seedlings, micropropagated plants), media tanam yang melekat pada tanaman (growing media associated with plants), kormus (corms), stek berakar (cuttings with root), umbi (bulbs, tubers, rhizomes)","America: Bolivia, Brazil, Chile, Colombia, Costa Rica, Dominican Republic, El Salvador, French Guiana, Guadeloupe, Guatemala, Guyana, Honduras, Martinique, Nicaragua, Puerto Rico, Peru, Suriname, Trinidad and Tobago, Venezuela Asia: Turkey Europe: France"
13,NEMATODA,A1,"Paratrichodorus porosus (Allen, 1957) Siddiqi, 1974; ""(Syn. Trichodorus porosus (Allen, 1957) Siddiqi, 1980, Paratrichodorus (Atlantadorus) porosus (Allen, 1957) Siddiqi, 1974, Trichodorus bucrius Lordello & Zamith, 1958, Trichodorus porosus Allen, 1957); Trichodoridae; stubby-root nematode"" ","""Abelmoschus esculentus (okra, okra), Acer palmatum (Japanese maple), Allium cepa (bawang bombay, onion), Allium sativum (bawang putih, garlic), Aphananthe aspera (muku), Aucuba japonica (Japanese aucuba), Bambusa tuldoides (punting-pole bamboo), Bambusa vulgaris (bambu, common bamboo), Brassica oleracea var. capitata (kubis, cabbage), Brassica rapa subsp. chinensis (pak-choi, chinese cabbage), Butia (jelly"" ""palm), Callicarpa japonica (Japanese callicarpa), Camellia, Camellia sinensis (teh, tea), Carpinus tschonoskii, Castanea crenata (Japanese chestnut), Castanopsis cuspidata (chinkapin), Casuarina (beefwood), Casuarina equisetifolia (casuarina), Celtis sinensis (Chinese elm), Cercidiphyllum japonicum (katsura), Cinnamomum camphora (camphor laurel), Camellia, Citrus jambhiri (rough lemon), Citrus limon (jeruk lemon, lemon), Citrus reticulata (jeruk mandarin, mandarin), Citrus sinensis (jeruk manis, navel orange), Citrus x paradisi (grapefruit), Cleyera japonica, Cryptomeria japonica (Japanese cedar), Cucurbita maxima (giant pumpkin),"" Daphniphyllum macropodum, ""Dioscorea (yam), Dioscorea batatas (Chinese yam), Eucalyptus (Eucalyptus tree), Fatsia japonica (Japanese aralia), Ficus carica (fig), Gardenia, Ginkgo biloba (kew tree), Glycine max (kedelai, soyabean), Gossypium (kapas, cotton), Hordeum vulgare (barli, barley), Idesia polycarpa (idesia), Ilex crenata (Japanese holly), Ilex integra (mochi), Ilex rotunda (kurogane holly), Juglans regia (walnut), Juniperus (junipers), Lagerstroemia indica (indian crape myrtle), Ligustrum lucidum (broad-leaf privet), Lupinus (lupins), Lycopersicon peruvianum, Magnolia hypoleuca (japanese big-leaved magnolia), Malus domestica (apel, apple), Morus alba"" ""(mora), Musa (pisang, banana), Musa acuminata (wild banana), Musa x paradisiaca (pisang kepok, plantain), Neolitsea sericea, Olea europaea subsp. europaea (zaitun, olive), Persea americana (avokad, avocado), Pinopsida (conifers), Pinus densiflora (Japanese umbrella pine), Pinus pseudostrobus var. pseudostrobus, Pinus thunbergii (Japanese black pine), Pittosporum tobira (Japanese pittosporum), Poncirus trifoliata (Trifoliate orange), Prunus armeniaca (aprikot, apricot), Prunus domestica (prem, plum), Prunus mahaleb (mahaleb cherry), Prunus persica (persik, peach), Prunus salicina (Japanese plum), Prunus serrulata (Japanese flowering cherry), Pyrus amygdaliformis,"" Pyrus communis (pir, pear), Quercus acutissima (sawtooth oak), Quercus glandulifera (Glandbearing oak), Quercus salicina, Rhododendron (azalea), Rhododendron indicum (satsuki azalea), Rosa (mawar, roses), Rubus loganobaccus (loganberry), Saccharum officinarum (tebu, sugarcane), Sorghum bicolor (sorgum, sorghum), Tagetes erecta (African marigold), Tagetes patula (french marigold), Taxus cuspidata (Japanese yew), Ternstroemia gymnanthera, Viburnum odoratissimum, Vitis vinifera (anggur, grapevine), Zea mays (jagung, corn, maize) ","akar (roots), bibit (seedlings/ ""micropropagated plants), kormus (corms), media tanam yang melekat pada tanaman (growing media associated with plants), stek berakar (cuttings with root), tanah (soil), umbi (bulbs, tubers, rhizomes)"" sebagai vektor (as a vector): Tobravirus ","Africa: South Africa America: Brazil, Chile, Costa Rica, USA Asia: China, India, Iran, Japan, Republic of Korea (South Korea), Sri Lanka, Uzbekistan, Vietnam Europe: Italy, Portugal, Russia Oceania: Australia, Papua Nugini"
14,GULMA PARASITIK,A1,"""Cuscuta japonica Choisy, 1854; (Syn. Cuscuta formosana Hay (1972), Cuscuta systyla Maxim. (1859), Cuscuta upcraftii H. Pearson (1906), Mongynella japonica (Choisy) Hadac & Chrtek. (1970), Cuscuta colorans Maxim., Cuscuta japonica subsp. japonica, Cuscuta japonica subsp. thyroidea Englm. & Trans. Acad. Sci. St. Louis, Cuscuta japonica var. paniculate Engelm., Cuscuta japonica var. thyrsoidea Engelm., Cuscuta reflexa var. densiflora Benth., Monogynella colorans (Maxim.) Hadac & Chrtek);"" Convolvulaceae; ""dodder seed, Japanese dodder"" ","""Allium cepa (bawang bombay, onion), Asparagus officinalis (asparagus, asparagus), Broussonetia papyrifera (paper mulberry), Citrus, Citrus maxima (pomelo, pummelo), Dimocarpus longan (longan tree), Diospyros kaki (kesemek, persimmon), Impatiens balsamina (garden balsam), Ipomoea cairica (five-fingered morningglory), Lantana camara (lantana), Malus sylvestris (crab-apple tree), Medicago sativa (lucerne), Mimosa diplotricha (giant/creeping sensitive plant), Nicotiana tabacum (tembakau, tobacco), Panax"" ""ginseng (Asiatic ginseng), Pelargonium zonale hybrids, Prunus (stone fruit), Pueraria montana var. lobata (kudzu), Quercus (oaks), Solanum lycopersicum (tomat, tomato), Solanum melongena (terong, aubergine, eggplant), Solanum tuberosum (kentang, potato), Solidago canadensis (Canadian goldenrod), Sphagneticola calendulacea, Vitis vinifera (anggur, grapevine)"" ","mengkontaminasi biji, umbi (contaminated true ""seeds (inc. grain), bulbs (inc. tubers, corms, rhizomes)), daun (leaves), bahan tanam yang menyertai tanaman (growing medium accompanying plants), batang di atas tanaman (stem above ground/ shoot/ trunks/ branches)"" ","Asia: China, DPR Korea (North Korea), Hong Kong, Japan, Mongolia, Republic of Korea (South Korea), Lao PDR (Laos), Taiwan, Thailand, Vietnam America: USA Europe: Russia Europe: Netherlands Oceania: Solomon Islands"
15,GULMA PARASITIK,A1,"""Cuscuta japonica Choisy, 1854; (Syn. Cuscuta formosana Hay (1972), Cuscuta systyla Maxim. (1859), Cuscuta upcraftii H. Pearson (1906), Mongynella japonica (Choisy) Hadac & Chrtek. (1970), Cuscuta colorans Maxim., Cuscuta japonica subsp. japonica, Cuscuta japonica subsp. thyroidea Englm. & Trans. Acad. Sci. St. Louis, Cuscuta japonica var. paniculate Engelm., Cuscuta japonica var. thyrsoidea Engelm., Cuscuta reflexa var. densiflora Benth., Monogynella colorans (Maxim.) Hadac & Chrtek);"" Convolvulaceae; ""dodder seed, Japanese dodder"" ","""Allium cepa (bawang bombay, onion), Asparagus officinalis (asparagus, asparagus), Broussonetia papyrifera (paper mulberry), Citrus, Citrus maxima (pomelo, pummelo), Dimocarpus longan (longan tree), Diospyros kaki (kesemek, persimmon), Impatiens balsamina (garden balsam), Ipomoea cairica (five-fingered morningglory), Lantana camara (lantana), Malus sylvestris (crab-apple tree), Medicago sativa (lucerne), Mimosa diplotricha (giant/creeping sensitive plant), Nicotiana tabacum (tembakau, tobacco), Panax"" ""ginseng (Asiatic ginseng), Pelargonium zonale hybrids, Prunus (stone fruit), Pueraria montana var. lobata (kudzu), Quercus (oaks), Solanum lycopersicum (tomat, tomato), Solanum melongena (terong, aubergine, eggplant), Solanum tuberosum (kentang, potato), Solidago canadensis (Canadian goldenrod), Sphagneticola calendulacea, Vitis vinifera (anggur, grapevine)"" ","mengkontaminasi biji, umbi (contaminated true ""seeds (inc. grain), bulbs (inc. tubers, corms, rhizomes)), daun (leaves), bahan tanam yang menyertai tanaman (growing medium accompanying plants), batang di atas tanaman (stem above ground/ shoot/ trunks/ branches)"" ","Asia: China, DPR Korea (North Korea), Hong Kong, Japan, Mongolia, Republic of Korea (South Korea), Lao PDR (Laos), Taiwan, Thailand, Vietnam America: USA Europe: Russia Europe: Netherlands Oceania: Solomon Islands"
16,GULMA NON PARASITIK,A1,"Alopecurus myosuroides Huds. (1762); ""(Syn.  Alopecurus agrestis L. (1762), Alopecurus coerulescens Stedu. & Hochst. ex Stedu. (1840), Alopecurus myosuroides var. versicolor (Biasol.) Roshev. (1927), Alopecurus"" ""purpurascens Link (1844), Tozzettia agrestis (L.) Bubani (1901)); Poaceae; black-grass, black twitch, large foxtail, mousetail grass, slender meadow foxtail, slender foxtail, twitch grass"" ","Alium cepa (bawang bawang bombay, onion), Avena sativa (oat, oats), Beta vulgaris var. saccharifera (sugarbeet), Brassica napus var. napus (rape), Citrus, Daucus carota (wortel, carrot), Hordeum vulgare (barli, barley), Linum usitassimum (flax), Malus ""(ornamental species apple), Medicago sativa (lucerne), Oryza sativa (padi, rice), Phaseolus vulgaris (common bean), Pisum sativum (pea), Prunus (stone fruit), Pyrus communis (European pear), Secale cereale (rye), Solanum lycopersicum (tomat, tomato), Solanum tuberosum (kentang, potato), Trifolium (clovers), Triticum (wheat), Triticum aestivum (gandum, wheat), Vicia faba (faba bean), Zea mays (jagung, corn, maize), Zea mays subsp. mays (jagung manis, sweetcorn), hutan tanaman industri (industrial forest), hortikultura (horticulture), tanaman pangan (food crops), tanaman perkebunan (estate crops)"" ","mengkontaminasi biji, bibit, media tanam ""(contaminated true seeds (inc. grain), seedlings, growing media associated with plants)"" ","""Africa: Algeria, Egypt, Ivory Coast, Libya, Morocco, North Africa, Réunion, Senegal, Tunisia America: Argentina, Brazil, Bolivia, Canada, Chile, Greenland, Mexico, Peru, USA, Uruguay Asia: Afghanistan, Armenia,"" ""Azerbaijan, China, Georgia, India, Iran, Iraq, Israel, Japan, Jordan, Kazakhstan, Kyrgyzstan, Lebanon, Pakistan, Palestine, Republic of Korea (South Korea), Saudi Arabia, Syria, Taiwan, Tajikistan, Turkey, Turkmenistan, Uzbekistan Europe: Albania, Austria, Belgium, Bulgaria, Croatia, Czechia, Czechoslovakia, Denmark, Estonia, Finland, France, Germany, Greece, Hungary, Iceland, Italy, Latvia, Lithuania, Liechtenstein, Luxembourg, Montenegro, Netherlands, North Macedonia, Norway, Poland, Portugal, Romania, Russia, Serbia, Slovakia, Slovenia, Spain, Sweden, Switzerland, United Kingdom, Ukraine Oceania: Australia, New Zealand"" "
17,GULMA NON PARASITIK,A1,"""Rumex hypogaeus T.M. Schust. & Reveal; (Syn. Emex australis Steinh., Emex centropodium Meisner, Vibro australis (Steinh.)"" Greene); Polygonaceae; ""spiny emex, doublegee, three-cornered jack, bindii, bull head, cape spinach, Cathead, cat's head, Devil's- thorn, Emex, giant bull head, goat head, prickly jack, southern three corner jack, tanner's curse"" ","Allium cepa (bawang bombay, onion), Apium graveolens (seledri, celery), Arachis hypogaea (kacang tanah, groundnut), Avena sativa (oat, ""oats), Brassica napus var. napus (rape), Brassica oleracea (kembang kol, cabbages, cauliflowers), Cicer arietinum (chickpea), Citrus, Coriandrum sativum (coriander), Dactylis glomerata (cocksfoot), Daucus carota (wortel, carrot), Festuca arundinacea (tall fescue), Glycine max (kedelai, soyabean), Gossypium (kapas, cotton), Hordeum vulgare (barli, barley), Lens culinaris subsp. culinaris (lentil), Linum usitatissimum (flax), Lupinus spp., Malus domestica (apel, apple), Medicago sativa (lucerne), Medicago spp., Pastinaca sativa (parsnip), Pisum sativum (pea), Prunus (stone fruit), Pyrus communis (European pear), Secale"" cereale (rye), Solanum melongena (aubergine), Solanum tuberosum (kentang, potato), Sorghum bicolor (sorghum), Trifolium spp., Triticale, Triticum aestivum (gandum, wheat), Vicia faba (faba bean), Vitis vinifera (grapevine), Zea mays (jagung, corn, maize), hutan tanaman industri (industrial forest), hortikultura (horticulture), tanaman pangan (food crops), tanaman perkebunan (estate crops) ","mengkontaminasi biji, ""bibit, media tanam (contaminated true seeds (inc. grain), seedlings, growing"" media associated with plants), buah (fruit, inc. pods), daun (leaves), batang (stem (above ground)/ shoots/ trunkc/ branches) ","""Africa: Ascension, Bostwana, Kenya, Lesotho, Madagascar, Malawi, Mauritius, Mozambique, Namibia, R?union, Saint Helena, South Africa, Tanzania, Zambia,"" ""Zimbabwe America: Hawaii, Trinidad and Tobago, USA Asia: India, Japan, Pakistan, Taiwan, Yemen Europe: Belgium, Netherlands, United Kingdom Oceania: Australia, New Caledonia, New Zealand"" "
18,BAKTERI,A1,"""Burkholderia gladioli pv. alliicola (Burkholder 1942) Comb. nov; (Syn. Phytomonas alliicola Burkholder 1942, Pseudomonas alliicola (Burkholder) Starr and Burkholder 1942, Pseudomonas gladioli pv. alliicola (Burkholder 1942) Young et al., 1978);"" slippery skin of onion, bacterial rot of onion, soft rot of onion ","Allium cepa (bawang bombay, onion), Daucus carota (wortel, carrot), Iris spp. (irises), Narcissus tazetta (Polyanthus narcissus), Tulipa spp. (tulip)","akar (roots), bunga (flowers, inflorescences, cones, calyx), daun (leaves), media tanam (growing media), sisa tanaman (plant debris), tanah (soils), umbi (bulbs, corms, tubers)","America: Brazil, Asia: Israel, Europe: Slovenia, Oceania: Australia, New Zealand"
19,BAKTERI,A1,"""Erwinia rhapontici (Millard 1924) Burkhoder 1948; (Syn. Aplanobacter rhapontici (Millard) Elliott 1930, Bacillus rhaponthici (Millard) White 1936, Bacterium rhaponthici Millard 1924, Erwinia carotovora var. rhapontici (Millard) Dye, Pectobacterium rhapontici (Millard 1924) Patel and Kulkarni 1951, Phytomonas rhapontici Millard 1924, Pseudobacterium rhapontici (Millard) Krasil’nikov 1949, Xanthomonas rhapontici (Millard) Savulescu 1947);"" rhubarb crown rot; wheat pink seed; cereal pink grain ","""Allium cepa (bawang bombay, onion), Allium sativum (bawang putih, garlic), Amaranthus hybridus (bayam kakap, smooth pigweed), Armoracia rusticana (lobak pedas, horseradish), Beta vulgaris var. saccharifera (bit gula, sugar beet), Chamaemelum nobile, Citrus aurantium var. paradisi, Citrus aurantium var. sinensis, Citrus limon, Cichorium (chicory), Cyclamen persicum (cyclamens), Dacus carota (wortel, carrot), Dianthus (anyelir, carnation), Eutrema japonicum (wasabi, Japanese"" horseradish), Gerbera ""jamesonii (gerbera, African daisy), Hippeastrum spp., Hyacinthus orientalis (hyacinth), Lolium spp., Melissa ofificinalis (lemon balm), Mentha piperita (peppermint), Morus (mulberry tree), Morus alba (white mulberry), Pisum sativum (kapri, sweet pea), Pyrus pyrifolia (pir, Chinese pear), Rheum hybridum (rhubarb), Rheum rhaponticum, Solanum lycopersicum (tomat, tomato), Triticum (wheat), Triticum aestivum (gandum, wheat), Triticum durum (durum wheat)"" ","akar (roots), batang (stems), bibit (seedlings), biji (true seed), buah (fruits), media tanam (growing media), planlet, rimpang (rhizome), umbi lapis (corms)","America: Canada, Mexico, USA Asia: China, Iran, Israel, Japan, South Korea, Malaysia, Turkey Europe: Albania, Belgium, France, Hungary, Italy, Lithuania, Netherlands, Norway, Poland, Portugal, Russia, Switzerland, Ukraine, United Kingdom Oceania: New Zealand"
20,BAKTERI,A1,"Pectobacterium atrosepticum ""(Van Hall, 1902) Gardan et al. 2003; (Syn. Bacillus atrosepticus, Bacillus melanogenes"" ""Pethybridge and Murphy, 1911), Bacillus phytophthorus Appel 1902, Bacterium atrosepticum (van Hall) Lehmann and Neumann 1927, Bacterium carotovorum (Jones) Lehmann and Neumann/Burgwitz, Bacterium carotovorum var. atrosepticum (van Hall) Hellmers and Dowson 1953, Bacterium melanogenum, Bacterium phytophthorum (Appel) Lehmann and Neumann 1927, Erwinia atroseptica (van Hall) Jennison, 1923, Erwinia caricae, Erwinia carotovora (Jones) holl./Berg., Erwinia carotovora pv. atroseptica (van Hall 1902) Dye 1978, Erwinia carotovora subsp. atroseptica (van Hall, 1902)"" ""Dye 1969, Erwinia carotovora var. atroseptica (van Hall) Dye 1969, Erwinia dahliae  (Hori and Bokura) Magrou, Erwinia melonis (Giddings) Bergey et al. 1934, Erwinia papayae, Erwinia phytophthora (Appel) Bergey et al. 1934, Erwinia phytophthorus, Pectobacterium atrosepticum (van Hall) Patel and Kulkarni 1951, Pectobacterium carotovorum, Pectobacterium carotovorum pv atrosepticum (van Hall) Graham and Dowson, 1960), Pectobacterium phytophthorum (Appel) Waldee, 1945; black leg of potato"" ","Allium cepa (bawang bombay, onion), Asparagus officinalis (asparagus, asparagus), Brassicaceae, Brassica oleracea var. botrytis (cauliflower), Brassica ""oleracea var. capitata (cabbage), Brassica oleracea var. gemmifera (Brussels sprouts), Brassica oleracea var. viridis (collards), Brassica rapa subsp. chinensis (Chinese cabbage), Brassica rapa subsp. rapa (turnip), Carica papaya (pepaya, papaya), Cichorium intybus (chicory), Coffea spp. (kopi, coffee), Consolida ambigua (rocket larkspur), Cucumis sativus (mentimun, cucumber), Cyphomandra betacea (terung belanda, tamarillo, tree tomato), Datura stramonium (kecubung, jimson weed), Daucus carota (wortel, carrot), Euphorbia pulcherrima (poinsettia), Glycine max (kedelai, soyabean),"" ""Helianthus annuus (bunga matahari, sunflower), Helianthus tuberosus (Jerusalem artichoke), Iris spp., Lupinus spp. (lupin), Musa spp. (pisang, banana), Nicandra physalodes (apple of Peru), Nicotiana glauca (tree tobacco), Nicotiana rustica (wild tobacco), Nicotiana tabacum (tembakau, tobacco), Phaseolus vulgaris (buncis, common bean), Portulaca spp., Saccharum officinarum (tebu, sugarcane), Saintpaulia spp. (African violet), Solanaceae, Solanum lycopersicum (tomat, tomato), Solanum tuberosum (kentang, potato), Symphytium officinale (blackwort), Vicia faba (faba bean), Zanteseschia aethiopica (calla lily), Zea mays (jagung, corn, maize)"" ","akar (roots), bahan perbanyakan vegetatif (vegetative propagation material), batang (stems), daun (leaves), umbi (bulbs, corms, tubers) ","Africa: Algeria, Egypt, Mauritius, Morocco, Mozambique, South Africa, Tanzania, Tunisia, Zimbabwe ""America: Argentina, Belize, Bermuda, Bolivia, Brazil, Canada, Chile, Colombia, Costa Rica, Cuba, Dominica, Greenland, Guadeloupe, Honduras, Martinique, Mexico, Peru, Saint Lucia, Saint Vincent and the Grenadines, Suriname, Trinidad and Tobago, USA, Venezuela Asia:  Azerbaijan, Bhutan, China, India, Iran, Israel, Japan, Kazakhstan, Lebanon, Pakistan, Philippines, Turkey, Vietnam Europe: Austria, Bulgaria, Cyprus, Denmark, Estonia, Finland, France, Germany, Greece, Iceland, Ireland, Italy, Latvia, Lithuania, Malta, Netherlands, Norway, Poland, Portugal, Romania, Russia, Serbia, Spain, Sweden, Switzerland, United Kingdom"" ""Oceania: Australia, New Zealand"" "
21,BAKTERI,A1,"Pectobacterium cacticida ""(Alcorn et al., 1991) Hauben et al., 1999; (Syn. Erwinia cacticida) soft rot bacteria"" ","Acanthocereus pentagonus, ""Agave tequilana (agave), Allium cepa (bawang Bombay, onion), Carnegiea gigantea (Saguaro cactus), Ferocactus wislezenii, Lophocereus schottii (senita cactus), Opuntia ficus-indica (kaktus, cactus, prickly pear), Opuntia fulgida (jumping cholla cactus), Opuntia phaeacantha"" var. discata, Opuntia phaeacantha var. major, Opuntia strictica, Opuntia violacea var. macrocentra, Sternocereus gummosus, Stenocereus thurberii (organ pipe cantus), Senita cactus ","akar (roots), buah (fruits), daun (leaves), batang (stems), tanah (soils)","Africa: Egypt ""America: Mexico, USA Oceania: Australia"" "
22,BAKTERI,A1,"Pseudomonas marginalis pv. marginalis (Brown 1918) Stevens 1925; Kansas lettuce disease, leaf blight of chicory, leaf rot of lettuce, marginal lettuce leaf blight","""Aconitum napellus (aconite monkshood), Agapanthus africanus (African blue lily), Allium cepa (bawang bombay, onion), Allium chinense (spring onion, rakkyo), Allium sativum (bawang putih, garlic), Ananas comosus (nanas, pineapple), Anemone coronaria (Poppy anemone), Apium graveolens (seledri, celery), Armoracia rusticana (lobak pedas, horseradish), Beta vulgaris (bit gula, beetroot), Beta vulgaris var. cicla (chard), Brassica nigra (sawi hitam, black mustard), Brassica oleracea (kubis, cabbages), Brassica oleracea var. botrytis (bunga kol, cauliflower), Brassica oleracea var. capitata (kubis, cabbage), Brassica rapa subsp. pekinensis (sawi putih,"" Chinese cabbage), Capsicum annuum (paprika, bell pepper), Chrysanthemum vestitum (krisan, Chrysanthemum), Cichorium spp. (chicory), Cucumis sativus (mentimun, cucumber), Cucurbita spp. (pumpkin), Dahlia pinnata (garden dahlia), Daucus carota (wortel, carrot), Dianthus caryophyllus (anyelir, carnation), Eutrema wasabi (wasabi), Helianthus annuus (bunga matahari, sunflower), Hyacinthus orientalis (hyacinth), Iris germanica (German iris), Lactuca sativa (selada, lettuce), Lactuca sativa var. capitata (head lettuce), Lobelia erinus (dwarf blue lobelia), Medicago sativa (alfalfa, lucerne), Nicotiana ""tabacum (tembakau, tobacco), Nigella damascena (Love-in-a- mist), Onobrychis viciifolia (sainfoin), Papaver somniferum (Opium poppy), Pastinaca sativa (parsnip), Petroselinum crispum (peterseli, parsley), Phaseolus coccineus (runner bean), Phaseolus vulgaris (buncis, common bean), Philodendron bipinnatifidum (lacy tree philodendron), Populus spp. (poplars), Primula spp. (Primrose), Prunus amygdalus (badam, almond), Prunus persica (persik, peach), Raphanus sativus (lobak, radish), Rheum hybridum (rhubarb), Solanum lycopersicum (tomat, tomato), Solanum tuberosum (kentang, potato), Syngonium spp., Syngonium podophyllum"" (singonium, arrowhead vine), Zingiber officinale (jahe, ginger) ","akar (roots), batang (stems), bibit (seedlings/Micropropag ated plants), buah (fruits inc. pods), daun (leaves),  rimpang (rhizome), umbi (bulbs, corms, tubers)","Africa: Egypt, Ethiopia, Kenya, Nigeria, South Africa, Tanzania, Uganda, America: Argentina, Barbados, Bermuda, Brazil, Canada, USA, Venezuela. Asia: China, India, Japan, Democratic People's Republic of Korea (North Korea), Republic of Korea (South Korea), Taiwan Eropa: Austria, Belgium, France, Germany, Ireland, Italy, Netherland, Portugal, Serbia, Spain, UK, Oceacia: Australia, New Zealand"
23,VIRUS,A1,"Tobacco rattle virus (TRV); (Syn. aster ringspot virus, belladonna mosaic virus, Potato stem mottle virus, peony mosaic virus, peony ringspot virus, pPaeony mosaic virus, paeony ringspot virus, potato corky ringspot virus, ratel virus, tabakmauche virus, tabakstreifen-und kra, spinach yellow mottle virus, tobacco rattle tobravirus, ""tobacco rattle virus, tulip white streak virus, oregon yellow virus); spraing of potato"" ","""Allium cepa (bawang bombay, onion), Allium sativum (bawang putih, garlic), Alstroemeria (inca lily), Amaranthus (grain amaranth), Anemone (windflower), Aquilegia (columbines), Artemisia (wormwoods), Artemisia vulgaris (mugwort), Beta vulgaris var. saccharifera (bit gula, sugar beet), Brassica sp., Capsella bursa-pastoris (shepherd’s purse), Capsicum"" ""annuum (cabai, paprika, bell pepper), Cyclamen, Cynara cardunculus L. var. scolymus (globe artichoke), Cypripedium reginae (showy lady’s slipper), Daucus carota (wortel, carrot), Fraxinus (ash), Freesia, Galium mollugo (Hedge bedstraw), Gladiolus hybrids (sword lily), Hosta spp., Hydrangea arborescens (smooth hydrangea), Hydrangea macrophylla (bunga bokor, hortensia),  Iris spp. (iris), Lactuca sativa (selada, lettuce), Lamprocapnos spectabilis (Asian bleeding heart), Lilium candidum (madonna lily), Lilium longiflorum (easter lily), Lysimachia nummularia (moneywort), Malva (mallow), Narcissus (daffodil), Nicotiana"" ""tabacum (tembakau, tobacco), Paeonia, Paeonia lactiflora (Chinese peony), Peperomia, Phaseolus vulgaris (buncis, common bean), Phlox paniculata (summer perennial phlox), Phlox, Physalis (groundcherry), Phryma leptostachya (American lopseed), Plantago sp. (Plantain), Portulaca oleracea (purslane), Ribes nigrum (blackcurrant), Rumex (Dock), Secale cereale (rye), Sedum, Solanum nigrum (leunca, black nightshade), Solanum tuberosum (kentang, potato), Sonchus (Sowthistle), Spinacia oleracea (bayam jepang, spinach), Stellaria media (common chickweed), Tulipa (tulip), Tussilago"" farfara (Colt's-foot), Viola arvensis (feld pansy) ","bagian vegetatif tanaman (vegetative plant propagation), ""batang (stems (above ground), trunks, branches), biji (true seeds, grains), daun (leaves), tunas (tubers, corms, bulbs), kultur jaringan (tissue culture)"" Vektor: Paratrichodorus, Paratrichodorus pachydermus, Trichodorus, Trichod orus primitivus, Trichodorus similis ","""Africa: Burundi, Egypt, South Africa, Tunisia America: Bolivia, Brazil, Cuba, Canada, USA, Venezuela Asia: Bangladesh, China, India, Japan, Pakistan,  Uzbekistan Europe: Austria, Belarus, Belgium, Bulgaria, Bosnia and Herzegovina, Czechiac, Croatia, Denmark, Finland, France, Germany, Greece, Hungary, Ireland, Italy, Kosovo, Latvia, Lithuania, Montenegro,"" ""Moldova, Netherlands, North Macedonia, Norway, Poland, Russia, Serbia, Slovenia, Sweden, Switzerland, Ukraine, United Kingdom Oceania: Australia, New Zealand"" "
24,SERANGGA,A2,"""Liriomyza trifolii Burgess in Comstock, 1880; (Syn. Agromyza phaseolunata Frost, 1943, Liriomyza allivora Frick, 1955, Liriomyza alliovora Frick, 1955, L. phaseolunata (Frost, 1943), Oscinis trifolii Burgess in Comstock, 1880); (Diptera: Agromyzidae);"" penggorok daun (leaves), serpentine leaf miner, American serpentine leaf miner, chrysanthemum leaf miner ","Allium cepa (bawang bombay, onion), Allium schoenoprasum (bawang kucai, chives), Alstroemeria (inca lily), Ambrosia (ragweed), Antirrhinum (snapdragon), Apium graveolens var. dulce (bleached celery), Arachis, Artemisia (wormwoods), Avena sativa (oats), Abelmoschus esculentus (okra, lady’s finger), ""Ageratum, Allium spp. (onions, garlic, leek,etc) Allium sativum (bawang putih, garlic), Arachys hypogaea (kacang tanah, peanut), Aster, Beta vulgaris var. saccharifera (bit gula, sugar beet), Bidens (burmarigold), Brassica rapa cultivar group Mizuna, Brassica rapa subsp. chinensis (pak-choi, Chinese cabbage), Baccharis, Basella, Bellis, Cassia (sennas), Centaurea (knapweed), Carthamus, Cestrum (jessamine), Chenopodium (goosefoot), Chrysanthemum indicum (krisan, chrysanthemum), Citrullus lanatus (semangka, watermelon), Crataegus (hawthorns), Crotalaria, Cucurbita maxima (labu, giant pumpkin), Cucurbita moschata (labu kuning,"" pumpkin), Chrysanthemum spp., Chrysanthemum morifolium (florist’s chrysanthemum), Capsicum ""annuum (cabai besar, paprika, bell-pepper, hot pepper, chilies), Callistephus, Cucumis melo (melon, melon), Cucumis sativus (mentimun, cucumber), Cucurbita pepo (labu kuning, zukini, zucchini), Cucurbitaceae (cucurbits), Dahlia, Dendranthema, Dianthus (anyelir, carnation), Daucus carota (wortel, carrot), Erigeron (fleabane), Eupatorium, Gazania, Gladiolus hybrids (sword lily), Glycine, Gaillardia, Gerbera (barbeton daisy), Glycine max (kedelai, soyabean), Gossypium (cotton), Gossypium hirsutum (kapas, cotton), Gypsophila (baby’s breath), Helianthus"" ""(bunga matahari, sunflower), Hordeum (barli, barleys), Ipomoea (morning glory), Lagenaria siceraria (labu air, bottle gourd), Linaria (toadflax), Luffa acutangula (angled luffa), Luffa aegyptiaca (loofah), Lactuca sativa (lettuce), Lathyrus (Vetchling), Macrotyloma, Malva (mallow), Medicago, Medicago sativa (alfalfa, lucerne), Macrotyloma, Melilotus (melilots), Mollucella, Nasturtium officinale (selada air, watercress),Ocimum, Primula (primrose), Phlox, Physalis (groundcherry), Phaseolus spp. Phaseolus (beans), Phaseolus lunatus (lima bean), Phaseolus vulgaris (buncis, common bean), Pisum sativum(kacang polong, pea), Ricinus, Ricinus communis (jarak kepyar, castor bean),"" ""Sonchus (sowthistle), Solanum lycopersicum (tomat, tomato), Salvia (sage), Senecio (grounsel), Solanum lycopersicum (tomat, tomato), Solanum melongena (terung, aubergine, eggplant), Solanum tuberosum (kentang, potato), Spinacia oleracea (bayam jepang, spinach), Tagetes (marigold), Tropaeolum, Trifolium (cengkeh, clovers), Trifolium repens (semanggi putih, white clover), Taraxacum (dandelion), Tithonia, Tragopogon (goat’s- beard), Tribulus (caltrop), Trigonella, Typha (reedmace), Verbena (vervain), Vicia (vetch), Vigna unguiculata (kacang panjang, cowpea), Xanthium (cocklebur), Zinnia"" ","batang (stems), daun (leaves)","""Indonesia: Jawa, Sumatera Africa: Benin, Egypt, Ethiopia, Guinea, Ivory Coast, Kenya, Madagascar, Mauritius, Mayotte, Morocco, Nigeria, Réunion, Senegal, South Africa, Sudan, Tanzania, Tunisia, Zambia, Zimbabwe America: Argentina, Bahamas, Barbados, Bermuda, Brazil, British Virgin Islands, Canada,"" Oceania: American Samoa, Australia, Federated States of Micronesia, Guam, Northern Mariana Islands, Samoa, Tonga ""Chile, Colombia, Costa Rica, Cuba, Dominican Republic, Ecuador, French Guiana, Guadeloupe, Guatemala, Guyana, Martinique, Mexico, Netherlands Antilles, Peru, Puerto Rico, Saint Kitts and Nevis, Trinidad and Tobago, USA, US Virgin Islands, Venezuela Asia: China, India, Iran, Israel, Japan, Jordan, Lebanon, Oman, Philippines, Republic of Korea (South Korea), Saudi Arabia, Taiwan, Turkey, United Arab Emirates, Vietnam, Yemen Europe: Albania, Austria, Belgium, Bosnia and Herzegovina, Croatia, Cyprus, Czechia, Finland, France, Greece, Italy, Malta, Moldova, Montenegro, North Macedonia, Netherlands, Portugal, Romania, Russia, Serbia, Slovakia, Slovenia, Spain, Switzerland"" "
25,NEMATODA,A2,"""Meloidogyne hapla Chitwood, 1949;"" Meloidogynidae; northern root-knot nematode ","Actinidia chinensis (Chinese gooseberry), Actinidia spp. Ageratina adenophora ""(Croftonweed), Allium cepa (bawang bombay, onion), Anemone (windflower), Arachis hypogaea (kacang tanah, peanut), Beta vulgaris var. saccharifera (bit gula, sugar beet), Brassica napus var. napus (rape), Brassica oleracea var. capitata (kubis, cabbage), Cajanus cajan (kacang gude, pigeon pea), Camellia sinensis (teh, tea), Capsicum annuum (cabai besar, paprika, bell pepper, hot pepper, red pepper, chili), Chenopodium album (fat hen), Chenopodium quinona (quinona), Chrysanthemum spp. (daisy), Cichorium intybus (chicory), Coffea (kopi, coffee), Convolvulus arvensis (bindweed), Cucumis (melon, melons, cucumbers, gerkins),"" ""Cyclamen, Daucus carota (wortel, carrot), Dianthus caryophillus (anyelir, carnation), Dioscorea batatas (Chinese yam), Eustoma grandiflorum (Lisianthus (cut flower crop)), Fabaceae (kacang-kacangan, leguminous plants), Fragaria ananassa (stroberi, strawberry), Glycine max (kedelai, soyabean), Lactuca sativa (selada, lettuce), Linum usitatissimum (flax), Lupinus Linnaeus (lupins), Medicago sativa (alfalfa, lucerne), Mentha (mints), Nicotiana tabacum (tembakau, tobacco), Olea europeae subsp. europeae (zaitun, olive), Pelargonium (geranium), Phaseolus (kacang, beans), Pisum sativum (peas), Raphanus sativus (lobak,"" radish), Rubus (blackberry, raspberry), Rosa (mawar, rose), Sinapsis alba (white mustard), Solanum (nightsade), Solanum lycopersicum (tomat, tomato), Solanum nigrum (black nightshade), Solanum tuberosum (kentang, potato), Tanacetum cinerariifolium (Phyretrum), Trifolium (semanggi, clover), Vicia (vetch), Vicia faba (faba beans), Vicia sativa (common vetches), Vitis vinifera (anggur, grapevine) ","""akar (roots), bibit (seedlings,"" micropropagated ""plants), media tanam yang melekat pada tanaman (growing media associated with plants), polong dalam tanah (pods in the ground), stolon (stolons), tanah (soil), umbi (bulbs, tubers, corms, rhizomes)"" ","""Indonesia: Jawa, Sulawesi (Sulawesi Utara)"" ""Africa: Algeria, Cameroon, Egypt, Ethiopia, Ivory Coast, Kenya, Libya, Malawi, Morocco, Nigeria, South Africa, Tanzania, Uganda, Zimbabwe America: Argentina, Brazil, Canada, Chile, Colombia, Costa Rica, Ecuador, Guatemala, Mexico, Panama, Paraguay, Peru, Uruguay, USA, Venezuela Asia: Armenia, China, India, Iran, Israel, Japan, Kazakhstan, Kyrgyzstan, Malaysia, Mongolia, Pakistan, Philippines, Republic of Korea (South Korea), Sri Lanka, Taiwan, Tajikistan, Thailand, Turkey, Turkmenistan, Uzbekistan Europe: Belarus, Belgium, Bulgaria, Bosnia and Herzegovina, Croatia, Czechia, Estonia, Federal Republic of Yugoslavia, Finland, France, Germany, Greece, Hungary,"" Italy, Latvia, Lithuania, North Macedonia, Moldova, Montenegro, Netherlands, Norway, Poland, Portugal, Romania, Russia, Slovakia, Slovenia, Spain, Sweden, Switzerland, Serbia, Ukraine, Union of Soviet Socialist Republics, United Kingdom Oceania: Australia, New Zealand, Norfolk Island, Papua Nugini "
26,CENDAWAN,A2,"""[s]: Diaporthe phaseolorum (Cooke & Ellis) Sacc., 1882; (Syn. Diaporthe aspalathi E. Jansen, Castl. & Crous, 2006, Diaporthe caulivora (Athow & Caldwell) J.M. Santos,"" ""Vrandecic & A.J.L. Phillips, 2011, Diaporthe phaseolorum var. batatae (Harter & E.C. Field) Wehm., 1933, Diaporthe phaseolorum var. caulivora Athow & Caldwell, 1954, Diaporthe phaseolorum var. meridio nalis F.A. Fernández, 1996, Diaporthe phaseolorum var. sojae (L ehman) Wehm., 1933, Diaporthe sojae Lehman, 1923, Sphaeria phaseolorum Cooke & Ellis, 1878); [a]: Phomopsis phaseoli (Desm.) Sacc., 1915; (Syn. Chorostate batatas (Harter & E.C. Field) Sacc., 1928, Phoma phaseoli Desm., 1836, Phoma subcircinata Ellis & Everh., 1893, Phomopsis phaseoli var. phaseoli (Desm.) Sacc., 1915, Phomopsis sojae Lehman, 1922,"" Septomazzantia ""phaseolorum (Cooke & Ellis) Lar.N. Vassiljeva, 1998); Fungi, Ascomycota, Pezizomycotina, Sordariomycetes, Diaporthales, Diaporthaceae; lima bean pod blight, leaf spot of Lima bean, bean pod blight, bean stem blight, bean stem canker, pod blight of bean, pod blight of lima bean, steam blight of bean, stem canker of bean"" ","Abelmoschus esculentus (okra), Abutilon theophrasti (velvet leaf), Allium cepa (bawang bombay, onion), Allium sativum (bawang putih, garlic), Amaranthus spinosus (spiny amaranth), Arachis hypogaea (kacang tanah, groundnut), Brachyglottis repanda ""(rangiora), Capsicum annuum (cabai, hot pepper, chilies, red pepper), Capsicum frustescens (cabai rawit, chilli), Glycine max (kedelai, soyabean), Helianthus annuus (bunga matahari, sunflower), Lespedeza, Lupinus spp., Phaseolus lunatus (lima bean), Phaseolus vulgaris, Solanum lycopersicum (tomat, tomato), Vigna unguiculata (kacang panjang, cowpea, yardlong bean)"" ","batang (stems), bibit (seedlings), biji (true seeds, grains), buah (fruits), daun (leaves), media tanam (growing media associated with plants), polong (pods), umbi (tubers)","""Indonesia: Jawa (Jawa Barat) Africa: Cameroon, Egypt, Guyana, Malawi, Nigeria, Senegal, Sierra Leone, South Africa, Tanzania America: Argentina, Brazil, Canada, Colombia, Cuba, Ecuador, Guyana, Paraguay,"" USA, Venezuela Asia: Armenia, Azerbaijan, ""Bangladesh, China, DPR Korea (North Korea), Georgia, India, Malaysia, Nepal, Republic of Korea (South Korea), Sri Lanka, Taiwan, Thailand Europe: Bulgaria, Croatia, Czechis, France, Hungary, Italy, Moldova, Montenegro, Poland, Romania, Russia, Serbia, Spain Oceania: Australia, New Zealand"" "
27,CENDAWAN,A2,"[s]: - [a]: Macrophomina phaseolina (Tassi) Goid., 1947; (Syn. Botryodiplodia phaseoli (Maubl.) Thirum., 1953, Dothiorella phaseoli (Maubl.) Petr. & Syd., 1927, Dothiorella"" ""philippinensis (Petr.) Petr., 1927, Dothiorella cajani (Syd., P. Syd. & E.J. Butler) Syd., P. Syd. & E.J. Butler, 1925, Fusicoccum cajani (Syd., P. Syd. & E.J. Butler) Samuels & B.B. Singh, 1986, Macrophoma cajani Syd., P. Syd. & E.J. Butler, 1916, Macrophoma corchori Sawada, 1916, Macrophoma phaseoli Maubl., 1905, Macrophoma phaseolina Tassi, 1901, Macrophoma sesami Sawada, 1922, Macrophomina phaseoli (Maubl.) S.F. Ashby, 1927, Macrophomina phaseoli var. indica Moniz & V.P. Bhide, 1963, Macrophomina phaseoli var. phaseoli (Ma ubl.) S.F. Ashby, 1927, Macrophomina philippinensis Petr., 1923, Rhizoctonia bataticola (Taubenh.) E.J."" ""Butler, 1925, Rhizoctonia lamellifera W. Small, 1924, Sclerotium bataticola Taubenh., 1913, Tiarosporella phaseoli (Maubl.) Aa, 1977, Tiarosporella phaseolina (Tassi) Aa, 1981); Fungi, Ascomycota, Dothideomycetes, Botryosphaeriales, Botryosphaeriaceae; charcoal rot of bean/tobacco, ashy stem blight, ashy stem decay of bean/tobacco, blight of bean/tobacco, root rot of bean/tobacco"" ","Abelmoschus esculentus (okra), Abies concolor (Rocky ""Mountain white fir), Actinidia chinensis (Chinese gooseberry), Actinidia deliciosa (kiwifruit), Albizia lebbeck (Indian siris), Alhagi pseudalhagi (Camel-thorn), Allium cepa (bawang bombay,"" ""onion), Allium sativum (bawang putih, garlic), Arachis hypogaea (kacang tanah, groundnut), Artocarpus hirsutus (wild jack fruit), Basella alba (Malabar spinach), Beta vulgaris var. saccharifera (bit gula, sugar beet), Boehmeria nivea (ramie), Bombax ceiba (silk cotton tree), Brassica, Brassica oleracea var. botrytis (bunga kol, cauliflower), Broussonetia papyrifera (paper mulberry), Cajanus cajan (kacang gude, pigeon pea), Cannabis sativa (ganja, hemp), Capsicum annuum (paprika, bell pepper), Carica papaya (pepaya, papaya), Carthamus tinctorius (safflower), Catharanthus roseus (Pink periwinkle), Cedrus atlantica (Atlas cedar), Cedrus deodara (Himalayan cedar), Celosia argentea (celosia), Chlorophytum, Cicer arietinum (chickpea), Cichorium (chicory), Citrullus lanatus (semangka,"" ""watermelon), Citrus reticulata (mandarin), Cocos nucifera (kelapa, coconut), Corchorus capsularis (white jute), Corchorus olitorius (jute), Coriandrum sativum (coriander), Crocus sativus (saffron), Crotalaria juncea (sunn hemp), Cucumis melo (melon, melon), Cucumis sativus (mentimum, cucumber), Cucurbita pepo (labu kuning, zukini, zucchini), Cuminum cyminum (cumin), Curcuma longa (kunyit, turmeric), Cyamopsis tetragonoloba (guar), Dahlia, Datura stramonium (jimsonweed), Daucus carota (wortel, carrot), Elaeis guineensis (kelapa sawit, African oil palm), Eucalyptus camaldulensis (red gum), Eucalyptus tereticornis (forest red gum), Fagopyron, Fragaria, Fragaria ananassa (stroberi, strawberry), Glycine max (kedelai, soyabean), Gossypium (kapas, cotton), Gossypium barbadense"" ""(Gallini cotton), Greenovia spp., Helianthus annuus (bunga matahari, sunflower), Hibiscus schizopetalus (fringed hibiscus), Impatiens balsamina (garden balsam), Ipomoea batatas (ubi jalar, sweet potato), Incarvillea delavayi, Jasminum (melati, jasmine), Juniperus scopulorum (Rocky Mountain juniper), Juniperus virginiana (eastern redcedar), Lablab purpureus (hyacinth bean), Lagenaria siceraria (bottle gourd), Lens culinaris subsp. culinaris (lentil), Linum (flax), Lupinus (lupins), Macrotyloma uniflorum (horsegram), Mangifera indica (mangga, mango), Manihot esculenta (singkong, cassava), Medicago (medic), Momordica charantia (bitter gourd), Narcissus (daffodil), Nicotiana tabacum (tembakau, tobacco), Olea europaea subsp. europaea (olive), Oryza sativa (padi, paddy, rice), Papaver somniferum (Opium poppy),"" ""Parthenium argentatum (Guayule), Pelargonium (pelargoniums), Pennisetum glaucum (pearl millet), Phaseolus (beans), Phaseolus vulgaris (buncis, common bean), Pinopsida (conifers), Pinus canariensis (canary pine), Pinus caribaea (Caribbean pine), Pinus clausa (sand pine), Pinus halepensis (Aleppo pine), Pinus jeffreyi (Jeffrey pine), Pinus lambertiana (big pine), Pinus pinaster (maritime pine), Pinus pinea (stone pine), Pinus radiata (radiata pine), Piper betle (betel pepper), Piper nigrum (black pepper), Pisum sativum (pea), Plectranthus barbatus, Prosopis juliflora (mesquite), Prunus armeniaca (apricot), Prunus cerasus (sour cherry), Prunus persica (peach), Pseudotsuga menziesii (Douglas-fir), Psidium guajava (jambu biji, guava), Psophocarpus tetragonolobus (winged bean), Raphanus"" ""sativus (lobak, radish), Ricinus communis (jarak kepyar, castor bean), Saccharum officinarum (tebu, sugarcane), Salvia officinalis (common sage), Sapium sebiferum (Chinese tallow tree), Sesamum indicum (sesame), Solanum lycopersicum (tomat, tomato), Solanum melongena (terung, eggplant, aubergine), Solanum tuberosum (kentang, potato), Solanum viarum (tropical soda apple), Solidago canadensis (Canadian goldenrod), Sorghum bicolor (sorgum, sorghum), Sterculia urens (kateera gum), Stevia rebaudiana, Stylosanthes (pencil-flower), Syzygium samarangense (water apple), Tagetes erecta (African marigold), Trifolium alexandrinum (Berseem clover), Trigonella foenum- graecum (fenugreek), Vanilla planifolia (vanila, vanilla), Vicia faba (faba bean), Vigna aconitifolia (moth beans),"" ""Vigna mungo (black gram), Vigna radiata (mung bean), Vigna unguiculata (cowpea), Vitis (grape), Zea mays (jagung, corn, maize), Zingiber (jahe, ginger)"" ","""akar (roots), batang (stems (above ground), trunks, branches), biji (true seeds, grains), buah (fruits), bunga (flowers, inflorescences, cones, calyx), daun (leaves),"" polong (pods), tunas (shoots), umbi (bulbs, tubers, corms, rhizomes) ","""Indonesia: Jawa (Jawa Barat, Banten) Africa: Benin, Botswana, Burkina Faso, Cameroon, Central African Republic, DR Congo, Egypt, Eswatini, Ethiopia, Gabon, Gambia, Ghana, Ivory Coast, Kenya, Libya, Madagascar, Malawi,"" ""Mauritius, Morocco, Mozambique, Niger, Nigeria, Senegal, Sierra Leone, Somalia, South Africa, Sudan, Tanzania, Togo, Tunisia, Uganda, Zambia, Zimbabwe America: Argentina, Bahamas, Brazil, Canada, Chile, Colombia, Cuba, Dominica, El Savador, Guadeloupe, Guyana, Honduras, Jamaica, Mexico, Puerto Rico, Peru, Trinidad and Tobago, Uruguay, USA, Venezuela Asia: Bangladesh, Brunei Darussalam, China, India, Iran, Iraq, Israel, Japan, Kuwait, Lebanon, Malaysia, Myanmar, Nepal, Oman, Pakistan, Republic of Korea (South Korea), Sri Lanka, Syria, Taiwan, Turkey, Yemen Europe: Austria, Bulgaria, Cyprus, Czech Republic, Denmark, France, Germany, Greece, Hungary, Ireland, Italy, Mediterranean countries, Montenegro, Netherlands, Romania, Russia, Serbia, Slovakia, Spain, Switzerland, United Kingdom"" Oceania: Australia, Fiji, New Zealand, Papua Nugini, Solomon Islands "
28,CENDAWAN,A2,"[s]: Pleospora allii (Rabenh.) Ces. & De Not., 1863; ""(Syn. Cryptosphaeria herbarum (Pers.) Grev., 1824, Pleospora albicans Fuckel, 1870, Pleospora alfalfae E. G. Simmons, 1986, Pleospora allii (Rabenh.) Ces. & De Not., 1863, Pleospora asparagi Rabenh. ex Sacc., 1883, Pleospora asparagi Rabenh., 1858, Pleospora cheiranthi Cocc. & Morini, 1883, Pleospora denotata (Cooke & Ellis) Sacc., 1883, Pleospora euonymi Fuckel, 1870, Pleospora euonymi f. caulicola Grove, 1933, Pleospora euonymi var. euonymi Fuckel, 1870, Pleospora euonymi f. euonymi Fuckel, 1870, Pleospora euonymi f. ramealis Feltgen, 1905, Pleospora excavata var. basitricha (Durieu & Mont.) Sacc., 1883, Pleospora frangulae Fuckel, 1870, Pleospora gymnocladi Bagnis, 1877, Pleospora herbarum (Pers.)"" ""Rabenh. ex Ces. & De Not., 1863, Pleospora herbarum (Pers.) Rabenh., 1854, Pleospora herbarum f. amaryllidis Scalia, 1900, Pleospora herbarum var. asperulina Bubák, 1914, Pleospora herbarum var. brassicae Sacc., 1890, Pleospora herbarum f. buphthalmi Scalia, 1900, Pleospora herbarum f. camelliae Speg., 1899, Pleospora herbarum f. centranthi-rubri Scalia, 1900, Pleospora herbarum var. cheiranthi (Cocc. & Morini) Sacc. & Traverso, 1911, Pleospora herbarum f. cheiranthi-cheiri Scalia, 1900, Pleospora herbarum f. chimonanthi Scalia, 1901, Pleospora herbarum var. cichorii Cooke, Pleospora herbarum f. citrorum Sacc., 1882, Pleospora herbarum var. cleomes Bubák, 1914, Pleospora herbarum var. coluteicola Henn., 1905,"" ""Pleospora herbarum var. coronillae Gonz. Frag., 1917, Pleospora herbarum var. coryphae Cavara & Mollica, 1906, Pleospora herbarum f. crini Scalia, 1901, Pleospora herbarum f. dahliae Scalia, 1900, Pleospora herbarum f. daturae Scalia, 1900, Pleospora herbarum f. eriobotryae Scalia, 1901, Pleospora herbarum f. euonymi Scalia, 1901, Pleospora herbarum var. euphrasiae (Rabenh.) Sacc., 1882, Pleospora herbarum f. ferulae Scalia, 1900, Pleospora herbarum f. florentina Cif., 1923, Pleospora herbarum f. foliicola Rehm, 1873, Pleospora herbarum var. galii Lambotte, 1891, Pleospora herbarum var. genistae-ibericae Gonz. Frag., 1917, Pleospora herbarum var. glumarum Berk. & Broome, Pleospora herbarum var."" ""halimodendri Gonz. Frag., 1917, Pleospora herbarum var. herbarum (Pers.) Rabenh., 1863, Pleospora herbarum f. herbarum (Pers.) Rabenh., 1863, Pleospora herbarum var. ilicis M. Bechet & N. Coman, 1963, Pleospora herbarum var. iridia Cooke, Pleospora herbarum f. lactucum Padhi & Snyder, 1954, Pleospora herbarum f. lilii- martagonis Scalia, 1901, Pleospora herbarum f. liriodendri Berl., 1888, Pleospora herbarum var. liriodendri Berl., 1888, Pleospora herbarum var. lolii (P. Karst. & Har.) Mussat, 1901, Pleospora herbarum f. lonicerae Scalia, 1901, Pleospora herbarum f. magnoliae Scalia, 1901, Pleospora herbarum f. mahoniae Scalia, 1901, Pleospora herbarum var. marrubii Berl., 1888, Pleospora"" ""herbarum f. marrubii Berl., 1888, Pleospora herbarum f. microspora Sacc., 1883, Pleospora herbarum f. minor Niessl, 1876, Pleospora herbarum var. minuscula Berl., 1888, Pleospora herbarum f. nepetae Gonz. Frag., 1914, Pleospora herbarum var. occidentalis Wehm., 1946, Pleospora herbarum var. ostryae Berl., 1888, Pleospora herbarum f. phaseoli Scalia, 1900, Pleospora herbarum var. pisi (Sowerby) Cooke, Pleospora herbarum var. psoraleae Berl., 1888, Pleospora herbarum f. psoraleae Berl., 1888, Pleospora herbarum f. resedae Rehm, 1881, Pleospora herbarum f. robusta Niessl, 1876, Pleospora herbarum f. rubiae Scalia, 1901, Pleospora herbarum var. rutae Henn., 1903, Pleospora herbarum f."" ""rutae Scalia, 1901, Pleospora herbarum f. scillae Scalia, 1900, Pleospora herbarum f. scrophulariae Scalia, 1900, Pleospora herbarum var. silenicola Speg., 1898, Pleospora herbarum f. siliquaria J. Kunze, 1876, Pleospora herbarum f. smilacis Scalia, 1900, Pleospora herbarum f. solidaginis Gonz. Frag., 1914, Pleospora herbarum var. spinicola Feltgen, 1903, Pleospora herbarum var. symphoricarpi Pass., 1890, Pleospora herbarum var. triglochinis Dearn. & House, 1925, Pleospora herbarum f. viburni Scalia, 1901, Pleospora labiatarum Cooke & Harkn., 1880, Pleospora leguminum (Wallr.) Rabenh., 1858, Pleospora lolii P. Karst. & Har., 1890, Pleospora mali Hesler, 1927, Pleospora meliloti Rabenh., 1883,"" ""Pleospora meliloti f. achilleae Feltgen, 1903, Pleospora meliloti var. medicaginis Cooke & Massee, 1889, Pleospora meliloti var. meliloti Rabenh., 1883, Pleospora meliloti f. meliloti Rabenh., 1883, Pleospora pisi (Sowerby) Fuckel, 1870, Pleospora pomorum A. S. Horne, 1920, Pleospora putrefaciens A. B. Frank, 1896, Pleospora salsolae Fuckel, 1864, Pleospora salsolae var. basitricha (Durieu & Mont.) Berl., 1888, Pleospora salsolae var. salsolae Fuckel, 1864, Pleospora salsolae f. salsolae Fuckel, 1864, Pleospora salsolae var. salsolae-peruvianae Speg., 1883, Pleospora salsolae f. schoberiae Sacc., 1880, Pleospora samarae Fuckel, 1870, Pleospora sedicola E. G. Simmons, 2001, Pleospora tomatonis E. G. Simmons, 2001, Pleospora"" ""typhae Pass. ex Brunaud, 1889, Sphaeria allii Rabenh., 1846, Sphaeria asparagi (Rabenh. ex Sacc.) Plowr., Sphaeria brassicae Lasch, 1857, Sphaeria denotata Cooke & Ellis, 1877, Sphaeria excavata var. basitricha Durieu & Mont., 1848, Sphaeria herbarum Pers., 1801, Sphaeria herbarum f. euphrasiae Rabenh., 1860, Sphaeria leguminum Wallr., 1833, Sphaeria pisi Sowerby, 1803, Sphaeria samarae (Fuckel) Plowr.); [a]: Stemphylium vesicarium (Wallr.) E.G. Simmons, 1969; (Syn. Alternaria putrefaciens (Fuckel) E. G. Simmons, 1995, Ampulina herbarum (Pers.) Quél., 1875, Clasterosporium putresfaciens (Fuckel) Sacc., 1886, Clasterosporium putresfaciens var. crucipes"" Speschnew, 1901, Clasterosporium putresfaciens var. putresfaciens (Fuckel) ""Sacc., 1886, Delacourea samarae (Fuckel) Cooke, Exormatostoma herbarum (Pers.) Gray, 1821, Helminthosporium vesicarium Wallr., 1833, Macrospproim cheiranthi var. echinellum (Berk. & M. A. Curtis), 1875, Macrosporium commune Rabenh, 1870, Macrosporium commune var. arachidis Sacc., 1975, Macrosporium commune f. arachidis Sacc., 1975, Macrosporium commune f. brassicae Brunaud, 1897, Macrosporium commune f. calotropidis Trotter, 1916, Macrosporium commune f. calotropidis Trotter, 1912, Macrosporium commune f. campanulae D. Sacc., 1901, Macrosporium commune var. commune Rabenh, 1870,"" ""Macrosporium commune f. commune Rabenh, 1870, Macrosporium commune var. echinellum (Berk. & M. A. Curtis) Sacc., 1886, Macrosporium commune f. heraclei Brunaud, 1897, Macrosporium commune f. lactucae-scarilolae Kabát & Bubák, 1906, Macrosporium commune f. leguminum Roum., 1985, Macrosporium commune f. musae Berl. & Roum., 1887, Macrosporium commune f. pisi Gonz. Frag., 1919, Macrosporium commune f. ricinis-communis Berl. & Roum., 1887, Macrosporium commune f. syringae Roum., 1885, Macrosporium commune var. theicola Speschnew, 1904, Macrosporium echinellum Berk. & M. A. Curtis, 1867, Macrosporium parasiticum Thüm, 1877, Macrosporium sarcinula"" Berk., 1838, Macrosporium vesicarium (Wallr.) Sacc., 1886, Sporidesmium ""putrefaciens Fuckel, 1870, Stemphylium alfalfae E. G. Simmons, 1986, Stemphylium brassicicola Y. F. Pei & X. G. Zhang, 2010 , Stemphylium commune (Rabenh.) N. F. Buchw., 1939, Stemphylium cremanthodii Y. F. Pei & X. G. Zhang, 2009, Stemphylium herbarum E. G. Simmons, 1986, Stemphylium mali Yong Wang bis & X. G. Zhang, 2009, Stemphylium parasiticum (Thüm.) J. A. Elliott, 1924, Stemphylium sedicola E. G. Simmons, 2001, Stemphylium tomatonis E. G. Simmons, 2001); Fungi, Ascomycota, Pezizomycotina, Dothideomycetes, Pleosporales, Pleosporaceae;"" ""onion leaf blight; garlic leaf blight; purple spot of asparagus; brown spot of pear; garlic leaf spot; onion leaf spot; asparagus leaf spot; Stemphylium blight of onion; leaf blight: onion; purple spot"" ","Allium cepa (bawang bombay, onion), Allium cepa var. aggregatum (bawang merah, shallot), Allium porrum (bawang prei, leek), Allium sativum (bawang putih, garlic), Asparagus officinalis (asparagus), Aster, Cannabis sativa (marijuana), Glycine max (kedelai, soybean), Helianthus anuus (bunga matahari, sunflower), Mangifera indica (mangga, mango), Medicago sativa (alfalfa, lucerne), Medicago tribuloides (barrel medic), Petroselinum crispum (Parsley), Pisum sativum (kcang kapri), Pyrus communis (pir, European pear), Raphanus sativus (lobak, radish), Solanum lycopersicum (tomat, tomato) ","""biji (true seeds), buah (fruits), daun (leaves),"" ""polong (pods), umbi (bulbs)"" ","""Indonesia: Jawa, Lombok Africa: Egypt, Ethiopia, Kenya,"" ""Libya, Mauritius, Senegal, South Africa, Tunisia, Zambia America: Argentina, Bolivia, Brazil, Canada, Chile, Colombia, Cuba, Jamaica, Mexico, Peru, USA, Venezuela Asia: Bangladesh, China, India, Iran, Iraq, Israel, Japan, Malaysia, Myanmar, Nepal, Pakistan, Saudi Arabia, South Korea, Saudi Arabia, Sri Lanka, Taiwan, Turkey, United Arab Emirates Europe: Belgium, Bulgaria, Cyprus, Denmark, France, Germany, Greece, Italy, Netherlands, Poland, Portugal, Russia, Serbia, Slovakia, Spain, Sweden, Switzerland, Ukraine, UK. Oceania: Australia, New Zealand, Tonga, Vanuatu"" "
29,CENDAWAN,A2,"""[s]: Sclerotinia sclerotiorum (Lib.) de Bary, 1884; (Syn. Helotium sclerotiorum (Lib.) Fuckel, 1866, Hymenoscyphus sclerotiorum (Lib.) W. Phillips, 1887, Sclerotinia libertiana Fuckel, 1870, Sclerotinia opuntiarum Speg., 1899, Sclerotinia sclerotiorum f. orobanches Naras. & Thirum., 1954, Sclerotinia sclerotiorum f. sclerotioru m (Lib.) de Bary, 1884, Sclerotinia sclerotiorum var. opuntiar um (Speg.) Alippi, 1960, Sclerotinia sclerotiorum"" ""var. sclerotiorum (Lib.) de Bary, 1884, Whetzelinia sclerotiorum (Lib.) Korf & Dumont, 1972); [a]: Sclerotium varium Pers., 1801; (Syn. Peziza coemansii J.J. Kickx, Peziza sclerotiorum Lib., 1837, Phialea sclerotiorum (Lib.) Gillet, 1881); Fungi, Ascomycota, Pezizomycotina, Leotiomycetes, Helotiales, Sclerotiniaceae; cottony soft rot, white rot, Sclerotinia wilt, Sclerotinia head rot, Sclerotinia blossom blight, Sclerotinia drop Sclerotinia soft rot, Sclerotinia stalk rot, Sclerotinia stem rot, collar rot, Sclerotinia pod rot, Sclerotinia canker, Sclerotinia twig blight, watery pod rot, white mould, sclerotinia disease"" ","""Abelmoschus esculentus (bendi, okra), Acroptilon repens (Russian knapweed), Actinidia chinensis (kiwi, Chinese gooseberry), Actinidia deliciosa (kiwifruit), Alcea rosea (Hollyhock), Allium cepa (bawang bombay, onion), Allium sativum (bawang putih, garlic), Anemone coronaria (poppy anemone), Anethum graveolens (adas, dill), Angelica archangelica (Angelica), Antirrhinum majus (bunga mulut singa, snapdragon), Apium graveolens (seledri, celery), Apium graveolens var. Rapaceum (celeri), Aquilegia (Columbines), Aquilegia"" flabellata, Arabidobsis thaliana, Arachis hypogaea (kacang tanah, groundnut), Arctium lappa (burdock), Argyranthemum frutescens (marguerite daisy), Asclepias (Silkweed), Asparagus officinalis (asparagus), Aster ericoides (Heath aster), Astragalus sinicus (Chinese clover), Begonia tuberhybrida, Bellis perennis (common daisy), Berberis (barberries), Borago officinalis (Borage), Brassica, Brassica carinata (African cabbage), Brassica oleracea (cabbages, cauliflowers), Brassica oleracea var. botrytis (bunga kol, cauliflower), Brassica oleracea var. capitata (kubis, cabbage), Brassica oleracea var. gemmifera (Brussels sprouts), Brassica oleracea var. gongylodes (kohlrabi), Brassica oleracea var. italica (brokoli, broccoli), Brassica oleracea var. viridis (collards), Brassica napus var. napus (rape), Brassica rapa subsp. ""chinensis (Chinese cabbage), Brassica rapa subsp. pekinensis, Brassica rapa subsp. rapa (turnip), Brassicaceae (cruciferous crops), Camellia, Camelina sativa, Campanula (campanulas), Cannabis sativa (hemp), Capsicum annuum (bell pepper), Capsicum frutescens (cabai rawit, chilli), Carduus (thistle), Carthamus tinctorius (kesumba, safflower), Carum carvi (jintan putih, caraway), Catharanthus roseus (Madagascar periwinkle), Centaurea (Knapweed), Chenopodium album (fat hen), Chrysanthemum (krisan, daisy), Cicer arietinum (kacang Arab, chickpea), Cichorium (chicory), Citrullus lanatus (semangka, watermelon), Citrus, Citrus aurantiifolia (lemon, lime), Citrus aurantium (sour orange), Citrus limonia (mandarin lime), Citrus maxima (jeruk Bali,"" ""pummelo), Citrus medica (jeruk sukade, citron), Citrus reticulata (Jeruk Mandarin, mandarin), Citrus sinensis (jeruk, navel orange), Citrus x paradisi (grapefruit), Corchorus olitorius (yute, jute), Coriandrum sativum (ketumbar, coriander), Cosmos bipinnatus (garden cosmos), Crotalaria spectabilis (showy rattlepod), Cucumis melo (melon, melon), Cucumis sativus (mentimun, cucumber), Cucurbita maxima (kabocha, giant pumpkin), Cucurbita moschata (labu, pumpkin), Cucurbita pepo (labu kuning, zukini, zucchini), Cullen corylifolium (black-dot), Cynara cardunculus L. var. scolymus (globe artichoke), Cynoglossum officinale (hound's tongue), Datura stramonium (jimsonweed), Daucus carota (wortel, carrot), Dianthus caryophyllus (anyelir, carnation), Echinacea purpurea (purple"" ""coneflower), Echium vulgare, Euphorbia pulcherrima (kastuba, poinsettia), Eustoma grandiflorum (Lisianthus (cut flower crop)), Fagopyron esculentum (buckwheat), Felicia amelloides, Foeniculum vulgare (adas, fennel), Fragaria ananassa (stroberi, strawberry), Gaillardia x grandiflora, Glycine max (kedelai, soyabean), Gossypium (cotton), Guizotia abyssinica (niger), Helianthus annuus (sunflower), Helianthus tuberosus (Jerusalem artichoke), Hibiscus cannabinus (kenaf), Hibiscus trionum (Venice mallow), Humulus (hop), Iberis sempervirens (edging candytuft), Ipomoea batatas (ubi jalar, sweet potato), Iris (irises), Lablab purpureus (hyacinth bean), Lactuca sativa (selada, lettuce), Lagenaria siceraria (bottle gourd), Lantana camara (lantana), Lavandula"" ""stoechas, Lens culinaris ssp. culinaris (lentil), Lilium (lili, lily), Lupinus (lupins), Malus domestica (apel, apple), Malvaviscus arboreus var. drumondii, Marrubium (horehound), Medicago sativa (alfalfa, lucerne), Melilotus (melilots), Mentha piperita (daunt mint, peppermint), Mentha spicata (spear mint), Morus (murbei, mulberrytree), Musa (pisang, banana), Nicotiana tabacum (tembakau, tobacco), Ocimum, Ocimum basilicum (basil), Osteospermum, Panax ginseng (Asiatic ginseng), Papaver somniferum (Opium poppy), Pastinaca sativa (parsnip), Pelargonium (pelargoniums), Persea americana (alpukat, avocado), Petroselinum crispum (parsley), Petunia, Phaseolus (beans), Phaseolus coccineus (runner bean), Phaseolus lunatus (kacang kratok, lima bean), Phaseolus radiata (kacang hijau), Phaseolus"" ""vulgaris (buncis, common bean), Phlox, Pistacia vera (pistachio), Pisum sativum (kapri, pea), Prunus (stone fruit), Prunus avium (ceri manis, sweet cherry), Prunus dulcis (almon, badam, almond), Prunus persica (peach), Prunus salicina (Japanese plum), Ranunculus asiaticus (garden crowfoot), Ranunculus repens (creeping buttercup), Rhaponticum repens (Russian knapweed), Rheum hybridum (rhubarb), Ricinus communis (jarak kepyar, castor bean), Rosa (roses), Rosmarinus officinalis (rosmarin, rosemary), Rubus idaeus (raspberry), Saccharum officinarum (tebu, sugarcane), Sesamum indicum (sesame), Solanum lycopersicum (tomat, tomato), Solanum melongena (terung, eggplant, aubergine), Solanum tuberosum (kentang, potato), Sonchus asper, Spinacia oleracea (bayam, spinach), Stevia rebaudiana,"" Tagetes erecta (African marigold), Thymus citriodorus, Trachyspermum ammi, Trifolium (clovers), Tulipa (tulip), Vaccinium corymbosum (blueberry), Vaccinium virgatum, Vicia faba (broad bean), Vigna angularis (kacang azuki, adzuki bean), Vigna mungo (kacang mungo, black gram), Vigna radiata (kacang hijau, mung bean), Viola (violet), Xanthium cavanellesii, Xerochrysum bracteatum, Zinnia ","akar (roots), batang (stems (above ground), trunks, branches), biji (true seeds, grains), buah (fruits, inc. pod), bunga (flowers, inflorescences, cones, calyx), daun (leaves), tanaman, polen (pollen), polong (pods), tunas (shoots), umbi (bulbs, tubers, corms, rhizomes)","""Indonesia: Jawa (Jawa Barat, Jawa Tengah) Africa: Algeria, Congo, DR Congo, Egypt, Ethiopia, Kenya, Libya, Malawi, Mauritius, Morocco, Nigeria, Saint Helena, South Africa, Tanzania, Zimbabwe America: Argentina, Bermuda, Bolivia, Brazil, Canada, Chile, Colombia, Costa Rica, Cuba, Ecuador, El Salvador, Guatemala, Mexico, Nicaragua, Panama, Peru, Uruguay, USA, Venezuela Asia: Bangladesh, China, Georgia, Hong Kong, India, Iran, Israel, Japan, Jordan, Lebanon, Nepal, Pakistan, Republic of Korea (South Korea), Singapore,"" ""Sri Lanka, Syria, Taiwan, Tajikistan, Thailand, Turkey, Uzbekistan, Vietnam Europe: Albania, Austria, Azerbaijan, Belarus, Belgium, Bosnia and Herzegovina, Bulgaria, Croatia, Cyprus, Czechia, Denmark, Estonia, Finland, France, Germany, Greece, Hungary, Iceland, Ireland, Italy, Latvia, Lithuania, Macedonia, Malta, Moldova, Montenegro, Netherlands, Norway, Poland, Portugal, Romania, Russia, Serbia, Slovakia, Spain, Sweden, Switzerland, Ukraine, United Kingdom Oceania: American Samoa, Australia, Fiji, New Zealand, Samoa"" "
30,BAKTERI,A2,"Pantoea ananatis (Serrano, 1928), Mergaert, 1993; ""(Syn. Bacillus ananas Serrano 1928, Bacterium ananas (Serrano) Burgvits 1935, Chromobacterium ananas (Serrano) Krasil’nikov 1949, Erwinia ananatis pv. uredovora (Pon et al. 1954) Dye 1978, Erwinia ananatis Corrig. Serrano 1928, Erwinia herbicola var. ananas (Serrano) Dye 1969, Erwinia urediniolytica Borders 1938, Erwinia uredovora Pon et al. 1954, Pantoea ananas pv. ananas (Serrano 1928) Mergaert et al. 1993, Pantoea ananas pv. uredovora (Pon et al. 1954) comb.nov., Pantoea ananatis pv. ananatis (Serrano, 1928) Mergaert et al. 1993, Pantoea ananatis pv."" ""uredovora (Pon et al., 1954) Mergaert et al. 1993, Pectobacterium ananas (Serrano) Patel and Kulkarni 1951, Pectobacterium ananatis pv. ananatis, Xanthomonas uredovora); fruitlet rot of pineapple, brown rot of pineapple, marbling disease (of pineapple fruit), pink disease of pineapple"" ","Allium cepa (bawang bombay, ""onion), Ananas comosus (nanas, pineapple), Cucumis melo (melon, muskmelon), Digitaria insularis, Digitaria setigera, Eucalyptus grandis (ekaliptus, saligna gum), Eucalyptus nitens (shining gum), Fragraria ananassa (stroberi, strawberry), Nicotiana tabacum (tembakau, tobacco), Oryza sativa (padi, paddy, rice), Prunus persica (persik, peach), Punica granatum, Sorghum bicolor (sorgum, sorghum), Sorghum sudanense (Sudan grass), Zea mays (jagung, corn, maize), Zingiber officinale (jahe, ginger)"" ","bibit (seedlings), buah (fruits), batang ""(stems), daun (leaves), tanaman hasil mikropropagasi (planlet) (micropropagated plants), tunas (buds, shoots)"" ","Indonesia: Jawa (Jawa Tengah), ""Sulawesi (Sulawesi Barat, Sulawesi Selatan), Sumatera (Barat), Africa: Benin, Burkina Faso, Egypt, South Africa, Togo, America: Argentina, Brazil, Canada, Chile, Ecuador, Mexico, USA, Uruguay, Venezuela Asia: China, India, Japan, Malaysia, Philippines, Republic of Korea (South Korea), Thailand, Turkey Europe: Austria, Belgium, Italy, Poland, Russia, Spain Oceania: Australia"" "

31,BAKTERI,A2,"Pseudomonas viridiflava ""(Burkholder 1930) Dowson 1939;"" (Syn. Bacterium viridiflavum (burkholder) Burgvits 1935, Chlorobacter viridiflavus (Burkholder) Patel and Kulkarni 1951, Phytomonas viridiflava Burkholder 1930; bacterial blight of tomato; Hydrangea bud blight; bacterial necrosis of basil; bacterial rot of lettuce; bacterial rot of Chinese cabbage; bacterial soft rot of tomato; bacterial blossom blight of kiwi ","Actinidia chinensis (Chinese gooseberry), Actinidia deliciosa (kiwi, kiwifruit), ""Allium cepa (bawang bombay, onion), Allium fistulosum (bawang daun, welsh onion), Allium sativum (bawang putih, garlic), Anethum graveolens (dill), Apium graveolens (seledri, celery), Apium graveolens var. dulce (seledri, celery), Arabidopsis thaliana (the thale cress), Brassica spp., Brasica napus var. napus (rape), Brassica oleracea var. botrytis (bunga kol, cauliflower), Brassica oleracea var. capitata (kubis, cabbage), Brassica oleracea var. gemmifera (brussels sprout), Brassica rapa subsp. chinensis (Chinese cabbage), Brassica rapa subsp. pekinensis, Calendula officinalis (pot marigold), Capsicum annuum (paprika, cabai, bell pepper), Capsicum"" ""frutescens (cabai rawit, chili), Carthamus tinctorius (safflower), Chrysanthemum indicum (chrysanthemum), Cichorium endivia (endives), Citrullus lanatus (semangka, watermelon), Citrus aurantium (jeruk, sour orange), Citrus macrophylla (alemow), Citrus sinensis (jeruk manis, sweet orange), Coriandrum sativum (ketumbar, coriander), Cryptotaenia canadensis (honewort), Cucumis melo (melon, muskmelon), Cucumis sativus (mentimun, cucumber), Cucurbita maxima (waluh, labu parang, pumpkin), Cuphea hyssopifolia (false heather), Cyclamen persicum (cyclamens), Cynara cardunculus var. scolymus"" (globe artichoke), Eschscholzia California ""(California poppy), Euphorbia pulcherrima (poinsettia), Eutrema wasabi (wasabi), Forsythia suspensa (weeping forsythia), Glycine max (kedelai, soyabean), Hydrangea spp. (hydrangeas), Lablab purpureus (kacang komak, hyacinth bean), Lotus corniculatus (bird’s foot trefoil), Lupinus angustifolius (narrow-leaf lupin), Malus domestica (apel, apple), Malvaviscus arboreus (wax mallow), Medicago sativa (alfalfa, lucerne), Nicotiana rustica (wild tobacco), Ocimum basilicum (kemangi, basil), Papaver (poppies), Papaver nudicaule (Iceland poppy),  Passiflora edulis (markisa, passionfruit),"" Pastinaca sativa (parsnip), Petroselinum crispum (peterseli, parsley), Petunia hybrida, Phaseolus coccineus (kacang kratok, runner bean), Phaseolus lunatus (kacang koro, lima bean), Phaseolus vulgaris (buncis, common bean), Pisum sativum (kacang polong, pea), Prunus armeniaca (aprikot, apricot), Prunus avium (sweet cherry), Prunus persica, Pseudopanax (false ginseng), Pyrus communis (European pear), Rananculus asiaticus (garden crowfoot), Raphanus raphanistrum (wild radish), Raphanus sativus (lobak, radish), Rosa spp. (mawar, roses), Saposhnikovia divaricata, Solanum lycopersicum (tomat, tomato), Sonchuz asper (spiny sow- ""thistle), Sorghum bicolor (sorgum, sorghum), Sorghum sudanense (Sudan grass), Tanacetum coccineum (common pyrethrum), Taraxacum officinale complex (dandelion), Trifolium pratense (purple clover), Tropaeolum majus (common nasturtium), Vaccinium corymbosum (blueberry), Vicia faba (broad bean), Vigna angularis (adzuki bean), Vigna unguiculata (kacang panjang, cowpea), Viola spp. (violet), Vitis vinifera (anggur, grapevine), Zea mays (jagung, maize, corn), Zinnia elegans (zinnia)"" ","akar (roots), batang (stems), bibit (seedlings), biji (true seed), daun (leaves), buah (fruits), bunga (flowers), tanaman hasil mikropropagasi (micropropagated plants), kayu (wood), kulit kayu (bark) ","""Indonesia: Jawa (Jawa Barat, Jawa Timur) Africa: Algeria, Egypt, Kenya,"" ""Morocco, Tanzania, Uganda America: Argentina, Brazil, Mexico, Uruguay, USA, Venezuela Asia: China, Iran, Japan, Jordan, Nepal, Republic of Korea (South Korea), Saudi Arabia, Turkey Europe: Belgium, Bulgaria, Czechia, France, Germany, Greece, Hungary, Italy, Netherlands, North Macedonia, Poland, Portugal, Russia, Serbia, Slovakia, Spain, Switzerland, United Kingdom Oceania: Australia, New Zealand"" "
